-- MySQL dump 10.13  Distrib 8.0.23, for Win64 (x86_64)
--
-- Host: localhost    Database: vk
-- ------------------------------------------------------
-- Server version	8.0.23

/*!40101 SET @OLD_CHARACTER_SET_CLIENT=@@CHARACTER_SET_CLIENT */;
/*!40101 SET @OLD_CHARACTER_SET_RESULTS=@@CHARACTER_SET_RESULTS */;
/*!40101 SET @OLD_COLLATION_CONNECTION=@@COLLATION_CONNECTION */;
/*!50503 SET NAMES utf8mb4 */;
/*!40103 SET @OLD_TIME_ZONE=@@TIME_ZONE */;
/*!40103 SET TIME_ZONE='+00:00' */;
/*!40014 SET @OLD_UNIQUE_CHECKS=@@UNIQUE_CHECKS, UNIQUE_CHECKS=0 */;
/*!40014 SET @OLD_FOREIGN_KEY_CHECKS=@@FOREIGN_KEY_CHECKS, FOREIGN_KEY_CHECKS=0 */;
/*!40101 SET @OLD_SQL_MODE=@@SQL_MODE, SQL_MODE='NO_AUTO_VALUE_ON_ZERO' */;
/*!40111 SET @OLD_SQL_NOTES=@@SQL_NOTES, SQL_NOTES=0 */;

--
-- Table structure for table `communities`
--

DROP TABLE IF EXISTS `communities`;
/*!40101 SET @saved_cs_client     = @@character_set_client */;
/*!50503 SET character_set_client = utf8mb4 */;
CREATE TABLE `communities` (
  `id` int unsigned NOT NULL AUTO_INCREMENT COMMENT '╨Ш╨┤╨╡╨╜╤В╨╕╤Д╨╕╨║╨░╤В╨╛╤А ╤Б╤А╨╛╨║╨╕',
  `name` varchar(150) CHARACTER SET utf8mb4 COLLATE utf8mb4_unicode_ci NOT NULL COMMENT '╨Э╨░╨╖╨▓╨░╨╜╨╕╨╡ ╨│╤А╤Г╨┐╨┐╤Л',
  `created_at` datetime DEFAULT CURRENT_TIMESTAMP COMMENT '╨Т╤А╨╡╨╝╤П ╤Б╨╛╨╖╨┤╨░╨╜╨╕╤П ╤Б╤В╤А╨╛╨║╨╕',
  `updated_at` datetime DEFAULT CURRENT_TIMESTAMP ON UPDATE CURRENT_TIMESTAMP COMMENT '╨Т╤А╨╡╨╝╤П ╨╛╨▒╨╜╨╛╨▓╨╗╨╡╨╜╨╕╤П ╤Б╤В╤А╨╛╨║╨╕',
  PRIMARY KEY (`id`),
  UNIQUE KEY `name` (`name`)
) ENGINE=InnoDB AUTO_INCREMENT=101 DEFAULT CHARSET=utf8mb4 COLLATE=utf8mb4_unicode_ci COMMENT='╨У╤А╤Г╨┐╨┐╤Л';
/*!40101 SET character_set_client = @saved_cs_client */;

--
-- Dumping data for table `communities`
--

LOCK TABLES `communities` WRITE;
/*!40000 ALTER TABLE `communities` DISABLE KEYS */;
INSERT INTO `communities` VALUES (1,'Veum-Hegmann','2015-03-26 14:12:01','2010-04-19 11:12:38'),(2,'Jaskolski, Jacobi and Grant','1992-12-06 19:11:35','1977-06-10 02:48:07'),(3,'Johnson Inc','1991-01-09 17:51:39','1985-04-19 00:27:50'),(4,'Baumbach Group','2008-04-05 22:24:31','1990-06-01 00:03:22'),(5,'Haag, Mayert and Welch','1975-10-16 11:19:29','2004-05-10 13:30:16'),(6,'Nader Group','2004-11-24 01:13:27','2009-01-16 16:36:28'),(7,'Carter-Gleason','1982-08-19 14:12:44','2003-01-23 21:47:01'),(8,'Quigley, Larkin and Veum','1979-07-26 18:01:08','2001-07-18 07:14:44'),(9,'Buckridge-Dach','1991-06-24 16:25:02','2018-10-08 19:10:15'),(10,'Kuhic, Considine and Howe','2006-02-18 18:34:18','1973-06-24 10:24:23'),(11,'Hegmann, Beahan and Thiel','2016-08-21 09:24:45','1985-05-30 02:16:20'),(12,'Davis Group','1981-12-12 09:17:12','2007-05-01 13:40:54'),(13,'Will Group','2015-05-29 02:10:47','1990-03-01 11:56:12'),(14,'Schmidt-Medhurst','1988-09-29 06:37:48','2000-07-29 09:21:33'),(15,'Quitzon-Smitham','1983-10-22 04:05:53','1998-12-27 18:58:14'),(16,'Schroeder, Fadel and Jacobi','2012-08-12 14:45:50','1989-04-03 07:36:51'),(17,'Bogisich, Kunde and Stroman','2004-03-29 12:38:14','1986-09-05 17:29:40'),(18,'Wolff-Anderson','2008-02-17 04:11:30','2015-07-11 16:44:06'),(19,'Hauck LLC','2003-07-11 10:17:19','1987-06-10 05:03:47'),(20,'Keebler-Sanford','2001-07-20 23:36:33','2014-10-18 17:56:46');
/*!40000 ALTER TABLE `communities` ENABLE KEYS */;
UNLOCK TABLES;

--
-- Table structure for table `communities_users`
--

DROP TABLE IF EXISTS `communities_users`;
/*!40101 SET @saved_cs_client     = @@character_set_client */;
/*!50503 SET character_set_client = utf8mb4 */;
CREATE TABLE `communities_users` (
  `community_id` int unsigned NOT NULL COMMENT '╨б╤Б╤Л╨╗╨║╨░ ╨╜╨░ ╨│╤А╤Г╨┐╨┐╤Г',
  `user_id` int unsigned NOT NULL COMMENT '╨б╤Б╤Л╨╗╨║╨░ ╨╜╨░ ╨┐╨╛╨╗╤М╨╖╨╛╨▓╨░╤В╨╡╨╗╤П',
  `created_at` datetime DEFAULT CURRENT_TIMESTAMP COMMENT '╨Т╤А╨╡╨╝╤П ╤Б╨╛╨╖╨┤╨░╨╜╨╕╤П ╤Б╤В╤А╨╛╨║╨╕',
  PRIMARY KEY (`community_id`,`user_id`) COMMENT '╨б╨╛╤Б╤В╨░╨▓╨╜╨╛╨╣ ╨┐╨╡╤А╨▓╨╕╤З╨╜╤Л╨╣ ╨║╨╗╤О╤З'
) ENGINE=InnoDB DEFAULT CHARSET=utf8mb4 COLLATE=utf8mb4_unicode_ci COMMENT='╨г╤З╨░╤Б╤В╨╜╨╕╨║╨╕ ╨│╤А╤Г╨┐╨┐, ╤Б╨▓╤П╨╖╤М ╨╝╨╡╨╢╨┤╤Г ╨┐╨╛╨╗╤М╨╖╨╛╨▓╨░╤В╨╡╨╗╤П╨╝╨╕ ╨╕ ╨│╤А╤Г╨┐╨┐╨░╨╝╨╕';
/*!40101 SET character_set_client = @saved_cs_client */;

--
-- Dumping data for table `communities_users`
--

LOCK TABLES `communities_users` WRITE;
/*!40000 ALTER TABLE `communities_users` DISABLE KEYS */;
INSERT INTO `communities_users` VALUES (1,20,'2017-07-21 13:52:00'),(1,54,'2017-06-17 14:56:06'),(1,96,'2018-08-15 05:40:11'),(2,40,'2020-12-21 11:47:29'),(2,53,'2020-09-25 08:26:18'),(2,61,'2014-06-23 02:54:57'),(2,78,'2020-10-23 23:01:23'),(2,80,'2017-01-29 23:23:10'),(3,38,'2020-10-03 00:19:04'),(3,86,'2018-02-15 05:54:59'),(4,24,'2017-08-04 16:30:35'),(4,27,'2015-04-06 01:16:50'),(4,40,'2020-04-29 21:28:57'),(4,48,'2020-05-26 01:34:36'),(4,60,'2014-12-17 17:20:03'),(4,80,'2017-05-30 03:10:32'),(5,5,'2014-06-13 02:49:08'),(5,19,'2017-10-15 13:09:00'),(5,34,'2018-06-26 04:56:19'),(5,36,'2020-12-23 10:24:37'),(5,51,'2014-09-22 03:27:02'),(5,63,'2014-02-11 13:32:26'),(5,78,'2015-08-06 05:14:57'),(5,99,'2013-12-29 23:39:48'),(6,15,'2020-02-17 10:55:33'),(6,23,'2019-06-05 07:04:39'),(6,31,'2011-08-20 21:45:10'),(6,72,'2017-08-27 06:35:50'),(6,91,'2012-06-10 20:17:51'),(6,99,'2013-10-12 14:55:47'),(7,19,'2013-06-09 06:21:57'),(7,23,'2020-07-17 01:11:36'),(7,44,'2011-10-11 02:30:24'),(7,61,'2015-06-17 23:08:55'),(7,68,'2013-11-10 09:14:00'),(8,28,'2019-10-10 19:55:08'),(8,30,'2020-08-30 11:11:21'),(8,41,'2020-05-25 04:54:42'),(8,44,'2018-05-01 03:52:58'),(8,73,'2015-02-20 00:10:11'),(9,13,'2013-05-21 07:43:51'),(9,14,'2012-05-26 12:00:00'),(9,18,'2019-03-01 23:36:18'),(9,45,'2014-05-09 13:33:44'),(9,51,'2019-03-04 15:45:04'),(9,52,'2016-08-26 09:31:28'),(9,77,'2018-08-17 10:01:43'),(10,21,'2019-07-17 07:02:13'),(10,70,'2018-11-18 21:23:54'),(10,74,'2012-06-04 01:34:07'),(11,8,'2020-05-24 20:56:41'),(11,74,'2012-01-02 17:37:09'),(11,95,'2013-10-02 17:29:45'),(12,13,'2020-07-11 03:07:32'),(12,20,'2014-10-11 10:41:24'),(12,49,'2014-04-23 11:21:23'),(12,79,'2011-05-13 07:36:37'),(12,81,'2014-11-29 14:52:23'),(12,84,'2017-04-17 13:55:30'),(13,1,'2014-03-06 12:57:09'),(13,2,'2016-12-12 03:10:06'),(13,19,'2018-11-15 20:53:18'),(13,40,'2016-01-31 16:46:38'),(13,47,'2014-06-06 08:35:38'),(13,51,'2019-06-06 05:51:34'),(13,71,'2013-08-13 20:22:46'),(13,80,'2016-03-05 11:10:04'),(13,82,'2018-11-28 09:47:11'),(14,7,'2020-09-08 00:33:19'),(14,84,'2020-02-05 09:00:08'),(15,2,'2012-06-23 21:47:00'),(15,28,'2018-01-21 18:07:41'),(15,33,'2012-04-22 08:27:36'),(15,60,'2011-10-03 23:24:03'),(15,89,'2017-07-15 02:17:06'),(15,90,'2020-11-04 05:05:15'),(16,21,'2011-06-14 16:42:48'),(16,38,'2017-08-12 20:51:58'),(17,3,'2019-01-07 08:08:43'),(17,4,'2015-08-13 12:16:37'),(17,10,'2020-07-02 03:02:18'),(17,14,'2011-09-28 07:13:10'),(17,35,'2012-04-04 21:01:19'),(17,41,'2016-03-16 19:54:22'),(17,44,'2015-11-11 05:27:29'),(17,67,'2013-12-10 07:31:38'),(17,75,'2018-02-22 15:48:44'),(18,14,'2015-06-20 16:47:34'),(18,15,'2018-08-15 07:09:48'),(18,18,'2014-01-05 23:04:30'),(18,28,'2014-01-10 09:48:36'),(18,36,'2017-07-12 05:45:03'),(18,38,'2011-09-12 08:47:35'),(18,60,'2013-06-13 14:31:31'),(19,39,'2019-02-09 20:31:40'),(19,82,'2014-12-06 22:44:48'),(19,83,'2013-09-09 15:59:18'),(19,85,'2020-08-17 23:50:46'),(20,39,'2018-01-19 04:04:45'),(20,57,'2019-05-24 20:41:52');
/*!40000 ALTER TABLE `communities_users` ENABLE KEYS */;
UNLOCK TABLES;

--
-- Table structure for table `friendship`
--

DROP TABLE IF EXISTS `friendship`;
/*!40101 SET @saved_cs_client     = @@character_set_client */;
/*!50503 SET character_set_client = utf8mb4 */;
CREATE TABLE `friendship` (
  `user_id` int unsigned NOT NULL COMMENT '╨б╤Б╤Л╨╗╨║╨░ ╨╜╨░ ╨╕╨╜╨╕╤Ж╨╕╨░╤В╨╛╤А╨░ ╨┤╤А╤Г╨╢╨╡╤Б╨║╨╕╤Е ╨╛╤В╨╜╨╛╤И╨╡╨╜╨╕╨╣',
  `friend_id` int unsigned NOT NULL COMMENT '╨б╤Б╤Л╨╗╨║╨░ ╨╜╨░ ╨┐╨╛╨╗╤Г╤З╨░╤В╨╡╨╗╤П ╨┐╤А╨╕╨│╨╗╨░╤И╨╡╨╜╨╕╤П ╨┤╤А╤Г╨╢╨╕╤В╤М',
  `friendship_status_id` int unsigned NOT NULL COMMENT '╨б╤Б╤Л╨╗╨║╨░ ╨╜╨░ ╤Б╤В╨░╤В╤Г╤Б (╤В╨╡╨║╤Г╤Й╨╡╨╡ ╤Б╨╛╤Б╤В╨╛╤П╨╜╨╕╨╡) ╨╛╤В╨╜╨╛╤И╨╡╨╜╨╕╨╣',
  `confirmed_at` datetime DEFAULT NULL COMMENT '╨Т╤А╨╡╨╝╤П ╨┐╨╛╨┤╤В╨▓╨╡╤А╨╢╨┤╨╡╨╜╨╕╤П ╨┐╤А╨╕╨│╨╗╨░╤И╨╡╨╜╨╕╤П',
  `created_at` datetime DEFAULT CURRENT_TIMESTAMP COMMENT '╨Т╤А╨╡╨╝╤П ╤Б╨╛╨╖╨┤╨░╨╜╨╕╤П ╤Б╤В╤А╨╛╨║╨╕',
  `updated_at` datetime DEFAULT CURRENT_TIMESTAMP ON UPDATE CURRENT_TIMESTAMP COMMENT '╨Т╤А╨╡╨╝╤П ╨╛╨▒╨╜╨╛╨▓╨╗╨╡╨╜╨╕╤П ╤Б╤В╤А╨╛╨║╨╕',
  PRIMARY KEY (`user_id`,`friend_id`) COMMENT '╨б╨╛╤Б╤В╨░╨▓╨╜╨╛╨╣ ╨┐╨╡╤А╨▓╨╕╤З╨╜╤Л╨╣ ╨║╨╗╤О╤З'
) ENGINE=InnoDB DEFAULT CHARSET=utf8mb4 COLLATE=utf8mb4_unicode_ci COMMENT='╨в╨░╨▒╨╗╨╕╤Ж╨░ ╨┤╤А╤Г╨╢╨▒╤Л';
/*!40101 SET character_set_client = @saved_cs_client */;

--
-- Dumping data for table `friendship`
--

LOCK TABLES `friendship` WRITE;
/*!40000 ALTER TABLE `friendship` DISABLE KEYS */;
INSERT INTO `friendship` VALUES (1,48,2,'2016-10-21 07:59:57','2016-12-24 14:02:37','2021-02-19 22:31:53'),(1,73,3,'2017-09-29 23:24:39','2015-03-12 14:10:39','2021-02-19 22:27:34'),(2,22,1,'2013-07-17 16:43:08','2018-06-21 19:21:57','2021-02-19 22:27:34'),(2,67,1,'2011-10-19 06:07:30','2012-01-18 18:19:39','2021-02-19 22:31:53'),(3,28,1,'2012-11-24 07:57:42','2017-01-02 18:49:54','2021-02-19 22:31:53'),(4,88,2,'2019-09-21 19:46:24','2021-01-06 14:00:55','2021-02-19 22:31:53'),(6,9,3,'2017-10-18 03:55:00','2014-12-21 13:23:03','2021-02-19 22:31:53'),(6,13,3,'2020-03-02 23:48:09','2019-09-28 17:34:55','2021-02-19 22:31:53'),(7,43,2,'2011-11-18 20:29:39','2020-03-17 15:40:34','2021-02-19 22:31:53'),(7,71,3,'2011-05-18 22:50:49','2019-07-23 22:45:48','2021-02-19 22:31:53'),(8,27,1,'2019-05-27 04:37:58','2011-03-06 13:42:25','2021-02-19 22:27:34'),(10,6,1,'2018-07-19 11:46:30','2012-10-02 03:17:07','2021-02-19 22:31:53'),(10,14,2,'2015-05-12 17:30:02','2020-02-09 04:46:46','2021-02-19 22:31:53'),(11,9,2,'2019-03-29 18:10:00','2015-04-07 03:25:38','2021-02-19 22:31:53'),(11,89,2,'2020-01-13 11:33:31','2016-01-06 23:13:59','2021-02-19 22:31:53'),(13,29,1,'2011-10-31 06:52:16','2020-03-18 16:05:07','2021-02-19 22:27:34'),(14,95,3,'2016-08-13 16:23:39','2020-11-20 22:04:18','2021-02-19 22:31:53'),(15,66,2,'2020-06-08 05:25:17','2014-10-15 23:19:35','2021-02-19 22:27:34'),(17,4,1,'2014-03-21 01:13:11','2020-08-14 04:13:20','2021-02-19 22:24:49'),(17,75,3,'2014-03-24 05:56:34','2020-08-13 21:22:07','2021-02-19 22:27:34'),(18,16,3,'2015-12-10 13:05:07','2020-01-07 22:08:25','2021-02-19 22:30:47'),(20,88,3,'2019-03-17 15:11:46','2019-10-07 02:31:44','2021-02-19 22:31:53'),(21,37,2,'2014-10-04 02:52:12','2017-06-02 01:04:12','2021-02-19 22:31:53'),(22,57,3,'2017-06-29 03:08:35','2019-01-17 03:08:58','2021-02-19 22:30:47'),(23,5,3,'2014-10-24 23:35:07','2017-06-28 08:11:27','2021-02-19 22:31:53'),(23,49,3,'2012-05-23 19:09:12','2017-05-09 17:05:01','2021-02-19 22:31:53'),(23,73,3,'2015-07-29 18:57:36','2019-06-03 10:51:17','2021-02-19 22:31:53'),(25,2,1,'2013-06-23 01:40:09','2014-05-14 17:30:35','2021-02-19 22:31:53'),(26,2,3,'2018-05-08 20:39:42','2011-05-25 21:59:54','2021-02-19 22:31:53'),(26,21,2,'2013-09-19 17:44:57','2017-12-20 04:57:13','2021-02-19 22:27:34'),(27,42,2,'2020-09-23 05:12:22','2016-12-11 15:48:55','2021-02-19 22:31:53'),(28,1,1,'2016-03-11 19:11:21','2019-07-04 16:49:54','2021-02-19 22:27:34'),(30,33,3,'2011-07-31 19:31:04','2015-04-20 03:17:09','2021-02-19 22:31:53'),(30,37,3,'2017-06-26 13:24:57','2014-06-11 03:35:41','2021-02-19 22:31:53'),(32,42,1,'2019-12-18 00:48:38','2016-09-12 05:18:33','2021-02-19 22:31:53'),(32,57,3,'2017-09-06 17:44:55','2015-05-26 13:03:56','2021-02-19 22:31:53'),(33,43,3,'2014-11-15 12:34:52','2018-09-24 08:11:51','2021-02-19 22:31:53'),(38,35,2,'2013-08-16 00:57:29','2011-06-15 21:42:03','2021-02-19 22:31:53'),(40,32,1,'2018-08-28 07:50:03','2016-02-18 12:05:38','2021-02-19 22:31:53'),(41,2,3,'2018-03-01 09:14:22','2012-05-31 22:37:46','2021-02-19 22:31:53'),(42,87,1,'2013-08-15 06:29:08','2014-11-15 23:29:59','2015-06-29 08:34:01'),(43,8,1,'2019-08-14 02:58:09','2017-04-08 22:10:45','2021-02-19 22:31:53'),(44,5,2,'2015-02-04 07:06:41','2012-04-19 02:05:01','2021-02-19 22:27:34'),(45,90,1,'2013-06-17 22:25:20','2011-04-06 21:22:56','2021-02-19 22:31:53'),(46,18,1,'2014-12-30 01:39:54','2012-12-13 04:56:34','2021-02-19 22:24:49'),(46,83,1,'2020-03-05 20:40:42','2013-11-21 14:17:55','2021-02-19 22:27:34'),(47,49,3,'2014-05-05 02:02:30','2017-11-24 21:38:00','2021-02-19 22:27:34'),(47,69,2,'2013-03-13 04:54:06','2016-02-02 22:11:44','2021-02-19 22:27:34'),(49,6,3,'2015-02-27 14:53:30','2015-10-19 13:57:03','2021-02-19 22:27:34'),(51,77,2,'2011-11-29 21:38:50','2020-10-19 00:27:04','2021-02-19 22:31:53'),(51,82,1,'2013-11-23 08:16:58','2019-10-16 17:11:01','2021-02-19 22:31:53'),(54,39,3,'2014-02-27 19:11:58','2015-08-19 13:01:06','2021-02-19 22:24:49'),(58,70,2,'2020-05-11 02:25:23','2016-05-16 19:21:15','2021-02-19 22:31:53'),(60,65,3,'2012-04-11 02:29:56','2019-02-20 12:59:30','2021-02-19 22:27:34'),(63,1,3,'2013-09-12 19:04:38','2017-11-13 17:44:55','2021-02-19 22:31:53'),(63,65,3,'2017-09-29 21:33:55','2018-06-17 12:02:30','2021-02-19 22:31:53'),(64,40,2,'2014-08-10 09:54:12','2014-02-18 23:26:39','2021-02-19 22:31:53'),(66,79,3,'2017-06-03 14:27:26','2020-04-15 15:36:14','2021-02-19 22:27:34'),(67,10,2,'2020-07-11 15:12:54','2017-12-30 23:09:31','2021-02-19 22:31:53'),(68,58,1,'2015-05-12 17:05:07','2019-10-14 22:52:34','2021-02-19 22:27:34'),(69,85,2,'2015-02-08 20:18:41','2017-09-17 11:31:43','2021-02-19 22:24:49'),(70,19,3,'2018-07-26 01:26:14','2014-06-09 12:01:56','2021-02-19 22:31:53'),(70,20,2,'2011-03-13 23:36:59','2018-05-27 04:17:02','2021-02-19 22:31:53'),(70,27,1,'2019-05-28 05:22:05','2019-12-19 14:39:50','2021-02-19 22:31:53'),(71,41,3,'2020-09-29 11:35:04','2018-09-19 02:36:09','2021-02-19 22:31:53'),(74,49,2,'2011-06-11 20:21:15','2017-01-18 01:01:29','2021-02-19 22:27:34'),(76,38,1,'2019-03-29 21:19:12','2019-08-08 13:19:32','2021-02-19 22:31:53'),(77,45,1,'2020-03-28 05:40:57','2012-04-26 06:06:36','2021-02-19 22:27:34'),(77,92,1,'2013-10-10 13:39:19','2015-02-06 16:08:30','2021-02-19 22:31:53'),(78,36,3,'2012-06-21 03:41:13','2015-03-22 06:33:54','2021-02-19 22:31:53'),(78,77,2,'2015-08-18 19:23:07','2018-11-08 20:16:04','2021-02-19 22:24:49'),(79,6,1,'2019-12-06 11:58:02','2014-12-14 18:41:08','2021-02-19 22:24:49'),(80,14,3,'2013-12-16 21:02:17','2015-11-22 07:00:44','2021-02-19 22:24:49'),(81,98,3,'2011-11-01 16:05:29','2020-03-18 03:24:55','2021-02-19 22:31:53'),(83,1,2,'2011-10-10 15:04:10','2012-01-05 17:01:58','2021-02-19 22:31:53'),(83,52,2,'2018-01-06 08:49:21','2016-11-14 23:34:32','2021-02-19 22:27:34'),(83,84,3,'2015-07-24 08:55:06','2017-11-25 03:48:05','2021-02-19 22:27:34'),(84,11,1,'2016-03-14 21:36:54','2017-10-11 15:00:30','2021-02-19 22:27:34'),(87,79,1,'2019-12-15 16:28:01','2018-12-08 02:55:04','2021-02-19 22:31:53'),(88,87,1,'2013-06-11 03:02:12','2019-09-24 20:30:38','2021-02-19 22:27:34'),(90,21,2,'2015-07-19 06:44:06','2020-01-27 14:13:31','2021-02-19 22:31:53'),(90,38,1,'2020-04-22 07:08:30','2012-12-06 18:57:43','2021-02-19 22:31:53'),(90,55,1,'2020-02-11 17:05:27','2014-04-15 20:44:54','2019-11-17 05:37:20'),(91,61,1,'2017-08-31 13:01:20','2012-09-23 13:23:01','2021-02-19 22:31:53'),(92,30,1,'2017-07-29 00:51:06','2019-10-18 13:14:52','2021-02-19 22:31:53'),(92,72,1,'2017-12-31 11:19:59','2015-04-01 00:28:46','2021-02-19 22:31:53'),(93,7,1,'2019-11-18 01:29:12','2012-08-06 14:04:49','2021-02-19 22:27:34'),(93,12,1,'2017-01-23 09:00:00','2011-07-05 07:24:24','2021-02-19 22:27:34'),(93,73,2,'2020-02-07 03:00:57','2015-04-06 05:43:40','2021-02-19 22:31:53'),(94,30,2,'2017-12-25 18:29:54','2017-03-14 00:46:05','2021-02-19 22:31:53'),(94,81,1,'2018-05-22 03:04:27','2020-07-11 01:15:00','2021-02-19 22:31:53'),(95,93,2,'2020-01-12 03:33:16','2011-06-13 18:14:50','2021-02-19 22:31:53'),(96,95,1,'2018-06-15 08:50:36','2017-08-20 18:45:54','2021-02-19 22:31:53'),(97,61,2,'2020-06-02 06:45:11','2013-08-15 14:25:29','2021-02-19 22:31:53'),(97,99,1,'2015-04-27 07:33:26','2020-01-04 02:11:41','2021-02-19 22:27:34'),(98,18,2,'2019-03-20 03:56:33','2011-08-08 13:02:23','2021-02-19 22:27:34'),(98,25,1,'2017-08-20 23:13:01','2013-11-28 02:30:27','2021-02-19 22:31:53'),(99,13,1,'2019-04-15 00:12:09','2018-10-04 17:55:07','2021-02-19 22:31:53'),(99,27,2,'2020-07-13 16:55:45','2018-04-13 07:42:50','2021-02-19 22:27:34'),(100,38,2,'2020-03-29 06:24:27','2013-04-18 08:21:08','2021-02-19 22:31:53');
/*!40000 ALTER TABLE `friendship` ENABLE KEYS */;
UNLOCK TABLES;

--
-- Table structure for table `friendship_statuses`
--

DROP TABLE IF EXISTS `friendship_statuses`;
/*!40101 SET @saved_cs_client     = @@character_set_client */;
/*!50503 SET character_set_client = utf8mb4 */;
CREATE TABLE `friendship_statuses` (
  `id` int unsigned NOT NULL AUTO_INCREMENT COMMENT '╨Ш╨┤╨╡╨╜╤В╨╕╤Д╨╕╨║╨░╤В╨╛╤А ╤Б╤В╤А╨╛╨║╨╕',
  `name` varchar(150) CHARACTER SET utf8mb4 COLLATE utf8mb4_unicode_ci NOT NULL COMMENT '╨Э╨░╨╖╨▓╨░╨╜╨╕╨╡ ╤Б╤В╨░╤В╤Г╤Б╨░',
  `created_at` datetime DEFAULT CURRENT_TIMESTAMP COMMENT '╨Т╤А╨╡╨╝╤П ╤Б╨╛╨╖╨┤╨░╨╜╨╕╤П ╤Б╤В╤А╨╛╨║╨╕',
  `updated_at` datetime DEFAULT CURRENT_TIMESTAMP ON UPDATE CURRENT_TIMESTAMP COMMENT '╨Т╤А╨╡╨╝╤П ╨╛╨▒╨╜╨╛╨▓╨╗╨╡╨╜╨╕╤П ╤Б╤В╤А╨╛╨║╨╕',
  PRIMARY KEY (`id`),
  UNIQUE KEY `name` (`name`)
) ENGINE=InnoDB AUTO_INCREMENT=4 DEFAULT CHARSET=utf8mb4 COLLATE=utf8mb4_unicode_ci COMMENT='╨б╤В╨░╤В╤Г╤Б╤Л ╨┤╤А╤Г╨╢╨▒╤Л';
/*!40101 SET character_set_client = @saved_cs_client */;

--
-- Dumping data for table `friendship_statuses`
--

LOCK TABLES `friendship_statuses` WRITE;
/*!40000 ALTER TABLE `friendship_statuses` DISABLE KEYS */;
INSERT INTO `friendship_statuses` VALUES (1,'Requested','2021-02-19 22:31:53','2021-02-19 22:31:53'),(2,'Confirmed','2021-02-19 22:31:53','2021-02-19 22:31:53'),(3,'Rejected','2021-02-19 22:31:53','2021-02-19 22:31:53');
/*!40000 ALTER TABLE `friendship_statuses` ENABLE KEYS */;
UNLOCK TABLES;

--
-- Table structure for table `media`
--

DROP TABLE IF EXISTS `media`;
/*!40101 SET @saved_cs_client     = @@character_set_client */;
/*!50503 SET character_set_client = utf8mb4 */;
CREATE TABLE `media` (
  `id` int unsigned NOT NULL AUTO_INCREMENT COMMENT '╨Ш╨┤╨╡╨╜╤В╨╕╤Д╨╕╨║╨░╤В╨╛╤А ╤Б╤В╤А╨╛╨║╨╕',
  `user_id` int unsigned NOT NULL COMMENT '╨б╤Б╤Л╨╗╨║╨░ ╨╜╨░ ╨┐╨╛╨╗╤М╨╖╨╛╨▓╨░╤В╨╡╨╗╤П, ╨║╨╛╤В╨╛╤А╤Л╨╣ ╨╖╨░╨│╤А╤Г╨╖╨╕╨╗ ╤Д╨░╨╣╨╗',
  `filename` varchar(255) CHARACTER SET utf8mb4 COLLATE utf8mb4_unicode_ci NOT NULL COMMENT '╨Я╤Г╤В╤М ╨║ ╤Д╨░╨╣╨╗╤Г',
  `size` int NOT NULL COMMENT '╨а╨░╨╖╨╝╨╡╤А ╤Д╨░╨╣╨╗╨░',
  `metadata` json DEFAULT NULL,
  `media_type_id` int unsigned NOT NULL COMMENT '╨б╤Б╤Л╨╗╨║╨░ ╨╜╨░ ╤В╨╕╨┐ ╨║╨╛╨╜╤В╨╡╨╜╤В╨░',
  `created_at` datetime DEFAULT CURRENT_TIMESTAMP COMMENT '╨Т╤А╨╡╨╝╤П ╤Б╨╛╨╖╨┤╨░╨╜╨╕╤П ╤Б╤В╤А╨╛╨║╨╕',
  `updated_at` datetime DEFAULT CURRENT_TIMESTAMP ON UPDATE CURRENT_TIMESTAMP COMMENT '╨Т╤А╨╡╨╝╤П ╨╛╨▒╨╜╨╛╨▓╨╗╨╡╨╜╨╕╤П ╤Б╤В╤А╨╛╨║╨╕',
  PRIMARY KEY (`id`),
  CONSTRAINT `media_chk_1` CHECK (json_valid(`metadata`))
) ENGINE=InnoDB AUTO_INCREMENT=101 DEFAULT CHARSET=utf8mb4 COLLATE=utf8mb4_unicode_ci COMMENT='╨Ь╨╡╨┤╨╕╨░╤Д╨░╨╣╨╗╤Л';
/*!40101 SET character_set_client = @saved_cs_client */;

--
-- Dumping data for table `media`
--

LOCK TABLES `media` WRITE;
/*!40000 ALTER TABLE `media` DISABLE KEYS */;
INSERT INTO `media` VALUES (1,17,'http://dropbox.net/vk/http://dropbox.net/vk/8d702b13-f6ee-3f88-9f66-9af6c78a7ddf.flac.bmp',192591087,'{\"owner\": \"Malika Torp\"}',1,'1934-09-07 14:45:01','2021-02-19 22:33:14'),(2,95,'http://dropbox.net/vk/http://dropbox.net/vk/ac5f4166-1ce1-37df-880a-ef8a2502659c.png.bmp',73234060,'{\"owner\": \"Cydney Hoppe\"}',3,'1962-11-29 04:21:03','2021-02-19 22:33:14'),(3,52,'http://dropbox.net/vk/http://dropbox.net/vk/55cae0cb-62c6-3cdd-abf2-b0b8652f391a.mpeg.flac',246100,'{\"owner\": \"Delphine Koss\"}',1,'1963-04-12 19:04:39','2021-02-19 22:33:14'),(4,28,'http://dropbox.net/vk/http://dropbox.net/vk/7dd078b6-3eb0-3415-b5c2-96e458919e3f.gif.mpeg',9147325,'{\"owner\": \"Grady Shanahan\"}',1,'1926-11-26 02:09:08','2021-02-19 22:33:14'),(5,6,'http://dropbox.net/vk/http://dropbox.net/vk/ca971cc2-7305-341a-bed7-b5f9b03bcf2c.bmp.aac',452590,'{\"owner\": \"Josianne Gutmann\"}',1,'1993-06-24 08:06:41','2021-02-19 22:33:14'),(6,84,'http://dropbox.net/vk/http://dropbox.net/vk/d583faad-b928-3866-b233-c47bbaf41897.mpeg.jpeg',514652,'{\"owner\": \"Geovany Zboncak\"}',3,'1964-02-13 10:30:16','2021-02-19 22:33:14'),(7,68,'http://dropbox.net/vk/http://dropbox.net/vk/fa291b04-28a0-34ec-979e-468391de67fa.jpeg.bmp',205491,'{\"owner\": \"Mandy Stark\"}',3,'2013-04-01 02:45:34','2021-02-19 22:33:14'),(8,25,'http://dropbox.net/vk/http://dropbox.net/vk/a89067ab-1ed7-36d4-a906-abc1c4bc7d11.gif.oo3',1111118,'{\"owner\": \"Orland Farrell\"}',1,'1932-11-29 18:44:54','2021-02-19 22:33:14'),(9,3,'http://dropbox.net/vk/http://dropbox.net/vk/5981c06e-db85-368a-b9c3-760e69f42406.bmp.flac',473499,'{\"owner\": \"Bret Larson\"}',1,'1921-10-08 09:28:41','2021-02-19 22:33:14'),(10,22,'http://dropbox.net/vk/http://dropbox.net/vk/6725a7eb-b61f-3867-810f-33f221a50317.avi.oo3',173882,'{\"owner\": \"Norwood Wuckert\"}',1,'1943-07-12 01:40:40','2021-02-19 22:33:14'),(11,93,'http://dropbox.net/vk/http://dropbox.net/vk/5e1c8b43-aa7c-3daf-876a-4b393b92ff4d.flac.mpeg',208601,'{\"owner\": \"Zackery O\'Connell\"}',2,'1960-07-22 15:25:36','2021-02-19 22:33:14'),(12,74,'http://dropbox.net/vk/http://dropbox.net/vk/6868dd80-ea8c-36cd-8385-077197cfc0f9.oo3.mpeg',741021,'{\"owner\": \"Dylan Shanahan\"}',3,'1983-02-04 18:20:42','2021-02-19 22:33:14'),(13,38,'http://dropbox.net/vk/http://dropbox.net/vk/41a0ff96-b857-32ad-904a-fd2975a2e713.oo3.oo3',274608,'{\"owner\": \"Curtis Hegmann\"}',2,'2015-05-05 09:38:19','2021-02-19 22:33:14'),(14,6,'http://dropbox.net/vk/http://dropbox.net/vk/9b33992d-87b0-331d-9185-0595897b7b3f.gif.oo3',139979,'{\"owner\": \"Josianne Gutmann\"}',2,'1960-10-19 22:48:38','2021-02-19 22:33:14'),(15,19,'http://dropbox.net/vk/http://dropbox.net/vk/90324012-bcf8-337e-9620-b0059d3a8b77.gif.mp3',187684,'{\"owner\": \"Tavares Gaylord\"}',2,'1982-04-19 09:21:16','2021-02-19 22:33:14'),(16,36,'http://dropbox.net/vk/http://dropbox.net/vk/e6cad4fa-2012-33b1-bf59-6a1416e23685.png.avi',707997,'{\"owner\": \"Desiree Dach\"}',2,'1946-04-18 07:09:46','2021-02-19 22:33:14'),(17,53,'http://dropbox.net/vk/http://dropbox.net/vk/c4bf9f6b-7176-383e-b3db-0d8ca4eb2e8c.gif.mpeg',866072,'{\"owner\": \"Pasquale Cartwright\"}',1,'2009-01-20 09:33:33','2021-02-19 22:33:14'),(18,64,'http://dropbox.net/vk/http://dropbox.net/vk/9a782620-2850-3402-8e8a-ac14d683df3f.jpeg.mpeg',7948,'{\"owner\": \"Hulda Kreiger\"}',1,'1941-10-06 02:33:26','2021-02-19 22:33:14'),(19,17,'http://dropbox.net/vk/http://dropbox.net/vk/8f4bf052-7fe8-34ee-8410-1fdc238c08fa.bmp.avi',2298826,'{\"owner\": \"Malika Torp\"}',2,'1992-05-12 12:46:59','2021-02-19 22:33:14'),(20,14,'http://dropbox.net/vk/http://dropbox.net/vk/4df1993a-617f-3740-8e8f-63d15d07aea4.mp3.gif',900423,'{\"owner\": \"Lela Hagenes\"}',2,'1990-03-27 14:20:59','2021-02-19 22:33:14'),(21,7,'http://dropbox.net/vk/http://dropbox.net/vk/1941a38a-d9ac-3090-b7cd-8851687c5fd8.aac.mp3',893898,'{\"owner\": \"Angeline Schmidt\"}',1,'2018-03-04 22:27:52','2021-02-19 22:33:14'),(22,65,'http://dropbox.net/vk/http://dropbox.net/vk/b55fe0e3-8859-3a1d-a627-d3b681d58db1.mpeg.flac',758223,'{\"owner\": \"Maybelle Auer\"}',3,'1964-12-31 10:01:52','2021-02-19 22:33:14'),(23,41,'http://dropbox.net/vk/http://dropbox.net/vk/5cf96771-ecae-3ff9-ac26-bddaf69026da.flac.flac',4596,'{\"owner\": \"Kyle Kreiger\"}',1,'1936-05-30 17:24:17','2021-02-19 22:33:14'),(24,71,'http://dropbox.net/vk/http://dropbox.net/vk/1fbe91ff-7f68-3ed3-bee5-02521746eadf.aac.png',346234,'{\"owner\": \"Mariano Kautzer\"}',1,'2017-01-08 07:00:43','2021-02-19 22:33:14'),(25,14,'http://dropbox.net/vk/http://dropbox.net/vk/9fec4d9e-7947-3b8c-a850-9c12beccaf89.oo3.flac',99420,'{\"owner\": \"Lela Hagenes\"}',2,'2000-01-07 03:52:07','2021-02-19 22:33:14'),(26,94,'http://dropbox.net/vk/http://dropbox.net/vk/820b2511-008c-3264-8508-4214be5433ff.oo3.mp3',212433,'{\"owner\": \"Bettye Pacocha\"}',1,'1995-08-02 15:03:11','2021-02-19 22:33:14'),(27,65,'http://dropbox.net/vk/http://dropbox.net/vk/3329f552-04e4-36e7-89c8-3666b9df3a90.png.flac',702449705,'{\"owner\": \"Maybelle Auer\"}',2,'1950-12-29 07:12:03','2021-02-19 22:33:14'),(28,35,'http://dropbox.net/vk/http://dropbox.net/vk/6ae1e184-af4e-384f-958e-ab6ced1dc8f0.jpeg.gif',1708,'{\"owner\": \"Jamarcus Schinner\"}',2,'1969-09-12 22:56:15','2021-02-19 22:33:14'),(29,48,'http://dropbox.net/vk/http://dropbox.net/vk/24fe6423-d410-33c8-ad6e-cf8f93eac023.gif.mpeg',34570,'{\"owner\": \"Kaitlin Hilll\"}',1,'1995-08-02 22:37:54','2021-02-19 22:33:14'),(30,6,'http://dropbox.net/vk/http://dropbox.net/vk/1380c1af-3b2a-3450-8068-f643702d6fda.flac.mp3',303760539,'{\"owner\": \"Josianne Gutmann\"}',1,'1970-12-24 16:49:40','2021-02-19 22:33:14'),(31,1,'http://dropbox.net/vk/http://dropbox.net/vk/269263c8-4007-3cff-8237-055f60290a49.mp3.bmp',25864,'{\"owner\": \"Danielle Kovacek\"}',1,'1971-10-23 07:44:11','2021-02-19 22:33:14'),(32,11,'http://dropbox.net/vk/http://dropbox.net/vk/adc3ecd7-1866-3bfb-8ec9-9812bf138c99.aac.flac',753906,'{\"owner\": \"Jake Prohaska\"}',2,'1955-01-09 16:14:00','2021-02-19 22:33:14'),(33,47,'http://dropbox.net/vk/http://dropbox.net/vk/075d0734-fe73-3f59-a035-38c6deae01eb.png.aac',122232,'{\"owner\": \"Chelsea Mayer\"}',1,'2010-09-21 20:58:43','2021-02-19 22:33:14'),(34,92,'http://dropbox.net/vk/http://dropbox.net/vk/b0bccaa9-a8e3-30dc-b0d0-e9c807a917e0.mp3.flac',149884,'{\"owner\": \"Scottie Boyer\"}',1,'1984-01-18 14:50:20','2021-02-19 22:33:14'),(35,94,'http://dropbox.net/vk/http://dropbox.net/vk/409929cf-a534-3a60-8d54-268a5a186714.mpeg.mp3',339440,'{\"owner\": \"Bettye Pacocha\"}',3,'2010-10-28 14:08:03','2021-02-19 22:33:14'),(36,87,'http://dropbox.net/vk/http://dropbox.net/vk/4d6dc2c5-8686-391a-9bf9-81225f6bba86.oo3.bmp',151794231,'{\"owner\": \"Brayan Mohr\"}',1,'1997-09-29 11:43:49','2021-02-19 22:33:14'),(37,97,'http://dropbox.net/vk/http://dropbox.net/vk/f2ffe02a-a906-3144-af00-bd1d56bdece2.flac.png',26477833,'{\"owner\": \"Wilber Oberbrunner\"}',1,'1951-04-03 22:46:57','2021-02-19 22:33:14'),(38,56,'http://dropbox.net/vk/http://dropbox.net/vk/9af386fa-4160-319d-9cdf-e13d482244a7.mpeg.bmp',320505,'{\"owner\": \"Harold Auer\"}',1,'1968-06-03 11:42:13','2021-02-19 22:33:14'),(39,12,'http://dropbox.net/vk/http://dropbox.net/vk/b45e216f-8e4a-3d9b-b070-11286d5ae083.aac.flac',574207,'{\"owner\": \"Davon Hickle\"}',2,'1975-07-01 02:29:14','2021-02-19 22:33:14'),(40,3,'http://dropbox.net/vk/http://dropbox.net/vk/ccd20ab3-7fdd-3059-a97e-be392439b401.jpeg.mp3',899519,'{\"owner\": \"Bret Larson\"}',2,'1955-10-02 04:34:36','2021-02-19 22:33:14'),(41,64,'http://dropbox.net/vk/http://dropbox.net/vk/d00e2d21-d9ff-390e-ae04-a0c143333502.oo3.mp3',3250539,'{\"owner\": \"Hulda Kreiger\"}',2,'2004-10-16 04:03:02','2021-02-19 22:33:14'),(42,97,'http://dropbox.net/vk/http://dropbox.net/vk/90ef9e79-901b-3083-a6d2-41e242dd5d6c.aac.oo3',764975,'{\"owner\": \"Wilber Oberbrunner\"}',1,'1967-05-23 09:47:03','2021-02-19 22:33:14'),(43,50,'http://dropbox.net/vk/http://dropbox.net/vk/92a503ea-844f-3ddf-9fad-917a827f19b1.jpeg.bmp',116320,'{\"owner\": \"Grover Mosciski\"}',1,'1960-08-04 12:15:38','2021-02-19 22:33:14'),(44,60,'http://dropbox.net/vk/http://dropbox.net/vk/e8728edc-b680-35e6-8fbe-f6fa977c95ba.mp3.mpeg',276677,'{\"owner\": \"Ethelyn Russel\"}',2,'1981-05-10 13:16:18','2021-02-19 22:33:14'),(45,36,'http://dropbox.net/vk/http://dropbox.net/vk/a28b71fc-66d4-3b7e-9588-79002d264797.avi.oo3',24422,'{\"owner\": \"Desiree Dach\"}',3,'1977-07-11 01:37:12','2021-02-19 22:33:14'),(46,22,'http://dropbox.net/vk/http://dropbox.net/vk/0ab82785-0e98-30ec-a960-c6e047314819.mp3.avi',282080,'{\"owner\": \"Norwood Wuckert\"}',3,'1972-07-21 13:53:08','2021-02-19 22:33:14'),(47,6,'http://dropbox.net/vk/http://dropbox.net/vk/284a336c-addd-3233-8a26-8408d0b5f054.mp3.gif',4820103,'{\"owner\": \"Josianne Gutmann\"}',2,'2010-12-03 00:20:41','2021-02-19 22:33:14'),(48,53,'http://dropbox.net/vk/http://dropbox.net/vk/6551a0c4-9f4a-36b8-a5ef-fba3f8aab97f.jpeg.png',2540808,'{\"owner\": \"Pasquale Cartwright\"}',2,'2016-11-01 20:27:19','2021-02-19 22:33:14'),(49,14,'http://dropbox.net/vk/http://dropbox.net/vk/618ab8b3-5735-3a62-ba7c-1f7d8afb75c5.mpeg.bmp',151061,'{\"owner\": \"Lela Hagenes\"}',3,'2005-06-21 09:09:20','2021-02-19 22:33:14'),(50,67,'http://dropbox.net/vk/http://dropbox.net/vk/f2a2a77d-3878-36d7-b711-729a68d1e2ed.jpeg.jpeg',2444828,'{\"owner\": \"Ayla Mante\"}',1,'1996-05-16 13:45:51','2021-02-19 22:33:14'),(51,7,'http://dropbox.net/vk/http://dropbox.net/vk/694ac189-6213-393a-a0dd-aac64a366cca.gif.aac',4542928,'{\"owner\": \"Angeline Schmidt\"}',2,'1985-06-28 07:00:00','2021-02-19 22:33:14'),(52,32,'http://dropbox.net/vk/http://dropbox.net/vk/41f96a98-5bc2-3c44-9e9d-ffe8f1bd2ffe.jpeg.jpeg',327135,'{\"owner\": \"Laila Leuschke\"}',2,'1988-10-18 14:51:42','2021-02-19 22:33:14'),(53,89,'http://dropbox.net/vk/http://dropbox.net/vk/2486425f-4583-3178-9bf2-b2734ef16b40.avi.oo3',779434,'{\"owner\": \"Iva Wiegand\"}',1,'1986-06-01 15:15:17','2021-02-19 22:33:14'),(54,51,'http://dropbox.net/vk/http://dropbox.net/vk/3d0c48b4-7857-35e2-a937-fa69c1589eef.aac.bmp',905767,'{\"owner\": \"Kendra Rogahn\"}',2,'1954-10-29 10:11:58','2021-02-19 22:33:14'),(55,100,'http://dropbox.net/vk/http://dropbox.net/vk/dba4ff6f-8808-3736-8d35-fa02949b79bc.jpeg.bmp',366394951,'{\"owner\": \"Adah Effertz\"}',3,'1956-09-26 11:46:48','2021-02-19 22:33:14'),(56,39,'http://dropbox.net/vk/http://dropbox.net/vk/7ac296be-a068-3dc2-a97c-0ddf2672d8a0.png.gif',180532,'{\"owner\": \"Catharine Bergnaum\"}',1,'1923-01-29 19:03:17','2021-02-19 22:33:14'),(57,7,'http://dropbox.net/vk/http://dropbox.net/vk/e029b154-9e06-3e2e-9aa8-f173a9902a1a.gif.avi',83859717,'{\"owner\": \"Angeline Schmidt\"}',2,'1933-07-18 16:00:16','2021-02-19 22:33:14'),(58,25,'http://dropbox.net/vk/http://dropbox.net/vk/bac99d6c-2419-3b5b-b140-8207f1c05fb4.avi.mp3',86795,'{\"owner\": \"Orland Farrell\"}',2,'1979-07-17 13:47:05','2021-02-19 22:33:14'),(59,38,'http://dropbox.net/vk/http://dropbox.net/vk/7209540b-8917-3fe3-833f-e89d18d8e822.mp3.jpeg',47713,'{\"owner\": \"Curtis Hegmann\"}',2,'1939-05-03 15:01:05','2021-02-19 22:33:14'),(60,9,'http://dropbox.net/vk/http://dropbox.net/vk/e99e9084-e902-35cf-a25c-1bf5379d746e.flac.avi',175360,'{\"owner\": \"Adela Heathcote\"}',3,'1988-01-07 12:01:46','2021-02-19 22:33:14'),(61,50,'http://dropbox.net/vk/http://dropbox.net/vk/b6e5a26f-a1d5-3c54-9fc4-cf6b04663972.jpeg.aac',10448,'{\"owner\": \"Grover Mosciski\"}',1,'1945-07-19 15:28:01','2021-02-19 22:33:14'),(62,26,'http://dropbox.net/vk/http://dropbox.net/vk/17191108-6c76-3dd9-a821-c83bf50c86ce.oo3.mp3',833305,'{\"owner\": \"Shaniya Leuschke\"}',2,'1952-03-30 03:32:23','2021-02-19 22:33:14'),(63,99,'http://dropbox.net/vk/http://dropbox.net/vk/4417929a-a638-38be-a86a-f64c05d5303b.avi.gif',26428,'{\"owner\": \"Leopold Borer\"}',3,'1945-10-16 17:09:37','2021-02-19 22:33:14'),(64,92,'http://dropbox.net/vk/http://dropbox.net/vk/dd527f1b-1674-3c5b-bb7b-ef56a2c001a7.jpeg.avi',2455,'{\"owner\": \"Scottie Boyer\"}',2,'1936-03-01 00:10:26','2021-02-19 22:33:14'),(65,61,'http://dropbox.net/vk/http://dropbox.net/vk/ef37b6e4-962b-3932-accb-a1a863c66a57.gif.mp3',24162,'{\"owner\": \"Crystel Ritchie\"}',3,'1937-09-27 06:45:24','2021-02-19 22:33:14'),(66,53,'http://dropbox.net/vk/http://dropbox.net/vk/c08d742d-8b13-32ae-a0d8-81c0c5f4691a.oo3.png',325204,'{\"owner\": \"Pasquale Cartwright\"}',2,'1992-12-08 19:07:34','2021-02-19 22:33:14'),(67,43,'http://dropbox.net/vk/http://dropbox.net/vk/c57e2a35-bcbb-373c-9dd0-3ca3c01eab95.bmp.png',89941,'{\"owner\": \"Gunner Walsh\"}',3,'1964-03-13 21:28:02','2021-02-19 22:33:14'),(68,91,'http://dropbox.net/vk/http://dropbox.net/vk/13ca091c-3f6c-31bf-8acc-c7c40ea4ccb7.avi.avi',464092,'{\"owner\": \"Aglae Bauch\"}',3,'1922-04-05 03:29:43','2021-02-19 22:33:14'),(69,28,'http://dropbox.net/vk/http://dropbox.net/vk/b7393172-ea08-33e7-9a89-59174463a631.aac.avi',40640,'{\"owner\": \"Grady Shanahan\"}',2,'1926-07-21 11:02:00','2021-02-19 22:33:14'),(70,37,'http://dropbox.net/vk/http://dropbox.net/vk/e3395a11-b147-3269-82ee-a7ec7dbe151e.flac.avi',800926,'{\"owner\": \"Catharine Schmitt\"}',1,'1971-05-04 17:10:39','2021-02-19 22:33:14'),(71,43,'http://dropbox.net/vk/http://dropbox.net/vk/4ea234b6-dff1-3f54-b2ce-1676db43ca90.bmp.avi',872707,'{\"owner\": \"Gunner Walsh\"}',2,'2006-12-11 23:35:25','2021-02-19 22:33:14'),(72,45,'http://dropbox.net/vk/http://dropbox.net/vk/e335695b-bc24-3836-a116-8ab3a90f8c1c.aac.avi',950760,'{\"owner\": \"Brittany Keeling\"}',3,'1969-10-29 08:18:39','2021-02-19 22:33:14'),(73,31,'http://dropbox.net/vk/http://dropbox.net/vk/17472b81-4b05-3082-9f18-45aac2279888.gif.bmp',21069392,'{\"owner\": \"Trystan Fay\"}',1,'1988-10-23 13:33:17','2021-02-19 22:33:14'),(74,54,'http://dropbox.net/vk/http://dropbox.net/vk/ec03ecb5-091a-3964-8228-d5997242812c.mp3.gif',25807456,'{\"owner\": \"Josianne Toy\"}',1,'1995-10-14 20:39:28','2021-02-19 22:33:14'),(75,58,'http://dropbox.net/vk/http://dropbox.net/vk/0ce24e90-5560-343b-ba2d-2f8d4d90a10e.aac.avi',24363,'{\"owner\": \"Floy Moore\"}',3,'2016-07-30 08:49:33','2021-02-19 22:33:14'),(76,1,'http://dropbox.net/vk/http://dropbox.net/vk/41b23c31-0edf-3970-bbc5-be4fcdbe09d6.jpeg.png',18756389,'{\"owner\": \"Danielle Kovacek\"}',2,'2002-12-21 11:39:43','2021-02-19 22:33:14'),(77,59,'http://dropbox.net/vk/http://dropbox.net/vk/e56e825d-2adb-3588-994b-3e7d92ac3e3b.aac.oo3',125679,'{\"owner\": \"Sonia Stiedemann\"}',2,'2016-02-22 20:56:09','2021-02-19 22:33:14'),(78,7,'http://dropbox.net/vk/http://dropbox.net/vk/0e371f4d-3247-37f1-9f12-04c7f933b306.jpeg.gif',766114,'{\"owner\": \"Angeline Schmidt\"}',3,'1969-12-10 15:59:46','2021-02-19 22:33:14'),(79,99,'http://dropbox.net/vk/http://dropbox.net/vk/f899d023-f631-3bdd-8074-919cfe02ef22.jpeg.flac',443533,'{\"owner\": \"Leopold Borer\"}',1,'1964-02-10 22:20:50','2021-02-19 22:33:14'),(80,87,'http://dropbox.net/vk/http://dropbox.net/vk/2a6efe3f-9c23-38cc-bd64-a8125bc3f2c3.mp3.aac',909323,'{\"owner\": \"Brayan Mohr\"}',2,'1932-06-12 07:23:47','2021-02-19 22:33:14'),(81,26,'http://dropbox.net/vk/http://dropbox.net/vk/7f25f6b8-a394-3e69-a367-d082121a84f4.aac.flac',4507489,'{\"owner\": \"Shaniya Leuschke\"}',1,'2000-05-10 04:30:17','2021-02-19 22:33:14'),(82,7,'http://dropbox.net/vk/http://dropbox.net/vk/21596bca-3f6e-35d7-8349-ebbfa40251bb.bmp.oo3',427870,'{\"owner\": \"Angeline Schmidt\"}',1,'1960-10-11 21:54:16','2021-02-19 22:33:14'),(83,67,'http://dropbox.net/vk/http://dropbox.net/vk/adbae6a2-8eb0-3918-80f8-7ece283405d4.avi.gif',206015,'{\"owner\": \"Ayla Mante\"}',1,'1939-06-23 08:37:17','2021-02-19 22:33:14'),(84,29,'http://dropbox.net/vk/http://dropbox.net/vk/92595fc3-2509-3d2a-9219-1ea4646e5cd8.mp3.bmp',39636330,'{\"owner\": \"Kellen Kling\"}',2,'1943-03-31 07:09:56','2021-02-19 22:33:14'),(85,84,'http://dropbox.net/vk/http://dropbox.net/vk/7dc841bc-5abb-38d3-a845-0182df4f435f.mp3.bmp',11569056,'{\"owner\": \"Geovany Zboncak\"}',1,'2018-02-05 19:58:40','2021-02-19 22:33:14'),(86,100,'http://dropbox.net/vk/http://dropbox.net/vk/62c30951-ce30-3426-b3f5-ce2b90c93626.aac.gif',642221,'{\"owner\": \"Adah Effertz\"}',1,'2001-01-01 20:04:01','2021-02-19 22:33:14'),(87,96,'http://dropbox.net/vk/http://dropbox.net/vk/93f69d2c-4e48-3cbc-8e01-8f7cbcb90fd8.jpeg.png',45507431,'{\"owner\": \"Tillman Reichert\"}',3,'1926-07-14 18:16:32','2021-02-19 22:33:14'),(88,44,'http://dropbox.net/vk/http://dropbox.net/vk/ff5a0208-2e22-38e2-8775-83b54aa7b143.aac.jpeg',55233,'{\"owner\": \"Margot Oberbrunner\"}',1,'2016-01-08 06:22:17','2021-02-19 22:33:14'),(89,41,'http://dropbox.net/vk/http://dropbox.net/vk/15d0244f-1581-3835-8d9a-32a4c75755f7.oo3.flac',292110,'{\"owner\": \"Kyle Kreiger\"}',3,'1979-11-23 06:19:21','2021-02-19 22:33:14'),(90,60,'http://dropbox.net/vk/http://dropbox.net/vk/56f5902c-95a6-31c5-91b9-6a5e11d2aae6.gif.gif',2815,'{\"owner\": \"Ethelyn Russel\"}',3,'2011-06-17 17:23:30','2021-02-19 22:33:14'),(91,49,'http://dropbox.net/vk/http://dropbox.net/vk/03b58057-696c-3f2d-8560-ee41830bbdcc.mpeg.aac',1826,'{\"owner\": \"Deon Kunze\"}',2,'1982-07-31 00:44:57','2021-02-19 22:33:14'),(92,54,'http://dropbox.net/vk/http://dropbox.net/vk/b5547a53-e8c1-3946-ba52-49df97e75c52.gif.avi',832506,'{\"owner\": \"Josianne Toy\"}',2,'1980-01-18 01:01:08','2021-02-19 22:33:14'),(93,65,'http://dropbox.net/vk/http://dropbox.net/vk/ea523ad8-c191-3992-9860-9682d829447d.png.oo3',34437,'{\"owner\": \"Maybelle Auer\"}',2,'1991-08-17 15:42:48','2021-02-19 22:33:14'),(94,55,'http://dropbox.net/vk/http://dropbox.net/vk/368d2b3b-f2a9-3cda-be85-434b5a0c92e8.flac.bmp',276201,'{\"owner\": \"Clementina Weissnat\"}',3,'1935-03-27 10:58:30','2021-02-19 22:33:14'),(95,49,'http://dropbox.net/vk/http://dropbox.net/vk/3443d1d5-b8dc-3de5-85d0-7622c8831e15.mpeg.avi',9598404,'{\"owner\": \"Deon Kunze\"}',1,'1956-04-06 16:14:32','2021-02-19 22:33:14'),(96,29,'http://dropbox.net/vk/http://dropbox.net/vk/a95e5ea0-4b8f-3faf-add5-6d93542cb4ca.bmp.mpeg',873487,'{\"owner\": \"Kellen Kling\"}',1,'1947-09-25 17:48:59','2021-02-19 22:33:14'),(97,50,'http://dropbox.net/vk/http://dropbox.net/vk/b18f44ab-5abc-351e-afa4-8933f97b12ed.flac.png',163557,'{\"owner\": \"Grover Mosciski\"}',2,'1950-07-15 07:35:24','2021-02-19 22:33:14'),(98,35,'http://dropbox.net/vk/http://dropbox.net/vk/fc244597-8f2b-3e22-8f92-1a00e3a00ab3.avi.mp3',972049329,'{\"owner\": \"Jamarcus Schinner\"}',3,'1970-09-14 05:44:51','2021-02-19 22:33:14'),(99,66,'http://dropbox.net/vk/http://dropbox.net/vk/7b11f6f1-f71b-3389-b6f0-8d3804ef4266.gif.aac',48909,'{\"owner\": \"Trevion Hilll\"}',3,'1993-09-12 02:10:52','2021-02-19 22:33:14'),(100,2,'http://dropbox.net/vk/http://dropbox.net/vk/af554340-efd2-325c-91a7-f4c78ba55707.mpeg.jpeg',528830,'{\"owner\": \"Joanny Abshire\"}',2,'1936-01-10 14:56:24','2021-02-19 22:33:14');
/*!40000 ALTER TABLE `media` ENABLE KEYS */;
UNLOCK TABLES;

--
-- Table structure for table `media_types`
--

DROP TABLE IF EXISTS `media_types`;
/*!40101 SET @saved_cs_client     = @@character_set_client */;
/*!50503 SET character_set_client = utf8mb4 */;
CREATE TABLE `media_types` (
  `id` int unsigned NOT NULL AUTO_INCREMENT COMMENT '╨Ш╨┤╨╡╨╜╤В╨╕╤Д╨╕╨║╨░╤В╨╛╤А ╤Б╤В╤А╨╛╨║╨╕',
  `name` varchar(255) CHARACTER SET utf8mb4 COLLATE utf8mb4_unicode_ci NOT NULL COMMENT '╨Э╨░╨╖╨▓╨░╨╜╨╕╨╡ ╤В╨╕╨┐╨░',
  `created_at` datetime DEFAULT CURRENT_TIMESTAMP COMMENT '╨Т╤А╨╡╨╝╤П ╤Б╨╛╨╖╨┤╨░╨╜╨╕╤П ╤Б╤В╤А╨╛╨║╨╕',
  `updated_at` datetime DEFAULT CURRENT_TIMESTAMP ON UPDATE CURRENT_TIMESTAMP COMMENT '╨Т╤А╨╡╨╝╤П ╨╛╨▒╨╜╨╛╨▓╨╗╨╡╨╜╨╕╤П ╤Б╤В╤А╨╛╨║╨╕',
  PRIMARY KEY (`id`),
  UNIQUE KEY `name` (`name`)
) ENGINE=InnoDB AUTO_INCREMENT=4 DEFAULT CHARSET=utf8mb4 COLLATE=utf8mb4_unicode_ci COMMENT='╨в╨╕╨┐╤Л ╨╝╨╡╨┤╨╕╨░╤Д╨░╨╣╨╗╨╛╨▓';
/*!40101 SET character_set_client = @saved_cs_client */;

--
-- Dumping data for table `media_types`
--

LOCK TABLES `media_types` WRITE;
/*!40000 ALTER TABLE `media_types` DISABLE KEYS */;
INSERT INTO `media_types` VALUES (1,'photo','2021-02-19 22:31:52','2021-02-19 22:31:52'),(2,'video','2021-02-19 22:31:52','2021-02-19 22:31:52'),(3,'audio','2021-02-19 22:31:52','2021-02-19 22:31:52');
/*!40000 ALTER TABLE `media_types` ENABLE KEYS */;
UNLOCK TABLES;

--
-- Table structure for table `messages`
--

DROP TABLE IF EXISTS `messages`;
/*!40101 SET @saved_cs_client     = @@character_set_client */;
/*!50503 SET character_set_client = utf8mb4 */;
CREATE TABLE `messages` (
  `id` int unsigned NOT NULL AUTO_INCREMENT COMMENT '╨Ш╨┤╨╡╨╜╤В╨╕╤Д╨╕╨║╨░╤В╨╛╤А ╤Б╤В╤А╨╛╨║╨╕',
  `from_user_id` int unsigned NOT NULL COMMENT '╨б╤Б╤Л╨╗╨║╨░ ╨╜╨░ ╨╛╤В╨┐╤А╨░╨▓╨╕╤В╨╡╨╗╤П ╤Б╨╛╨╛╨▒╤Й╨╡╨╜╨╕╤П',
  `to_user_id` int unsigned NOT NULL COMMENT '╨б╤Б╤Л╨╗╨║╨░ ╨╜╨░ ╨┐╨╛╨╗╤Г╤З╨░╤В╨╡╨╗╤П ╤Б╨╛╨╛╨▒╤Й╨╡╨╜╨╕╤П',
  `body` text CHARACTER SET utf8mb4 COLLATE utf8mb4_unicode_ci NOT NULL COMMENT '╨в╨╡╨║╤Б╤В ╤Б╨╛╨╛╨▒╤Й╨╡╨╜╨╕╤П',
  `is_important` tinyint(1) DEFAULT NULL COMMENT '╨Я╤А╨╕╨╖╨╜╨░╨║ ╨▓╨░╨╢╨╜╨╛╤Б╤В╨╕',
  `is_delivered` tinyint(1) DEFAULT NULL COMMENT '╨Я╤А╨╕╨╖╨╜╨░╨║ ╨┤╨╛╤Б╤В╨░╨▓╨║╨╕',
  `created_at` datetime DEFAULT CURRENT_TIMESTAMP COMMENT '╨Т╤А╨╡╨╝╤П ╤Б╨╛╨╖╨┤╨░╨╜╨╕╤П ╤Б╤В╤А╨╛╨║╨╕',
  PRIMARY KEY (`id`)
) ENGINE=InnoDB AUTO_INCREMENT=101 DEFAULT CHARSET=utf8mb4 COLLATE=utf8mb4_unicode_ci COMMENT='╨б╨╛╨╛╨▒╤Й╨╡╨╜╨╕╤П';
/*!40101 SET character_set_client = @saved_cs_client */;

--
-- Dumping data for table `messages`
--

LOCK TABLES `messages` WRITE;
/*!40000 ALTER TABLE `messages` DISABLE KEYS */;
INSERT INTO `messages` VALUES (1,5,34,'Et adipisci voluptatem nisi velit cupiditate laboriosam eos. Iusto minima et molestias nesciunt est dolor autem voluptates. Aut assumenda dolores nostrum iusto sit quo eum.',1,0,'2019-11-10 19:52:02'),(2,24,52,'Sint eveniet quia saepe tenetur inventore explicabo. Temporibus quam dolorem commodi eaque libero velit officiis. Et ad aliquid consequatur voluptatum aperiam.',0,0,'1931-10-20 02:52:47'),(3,60,92,'Aut reiciendis corporis quia voluptatem. Magni placeat dolores perspiciatis ipsa illo. Repellat nemo voluptatum ut ut dolorem maxime omnis.',1,0,'1932-08-12 15:07:45'),(4,95,24,'In molestiae quibusdam non voluptatem tempore. Soluta sunt id et id. Rerum ex qui facilis nostrum qui. Aut deleniti incidunt voluptate facilis. Minus et dolores quis enim nemo sint.',0,0,'1932-07-14 07:28:01'),(5,49,32,'Veniam iste voluptatem eum iste doloribus. Sequi nihil consequuntur maiores reiciendis. Quia eos alias fugit amet eligendi sunt iusto voluptatem.',0,1,'1946-08-09 01:21:51'),(6,8,46,'Et totam voluptas optio. Iste dicta voluptatem corrupti totam quis ad. Molestiae excepturi quos perferendis est aperiam sed. Ut quia odit qui atque animi tenetur odit ullam.',1,0,'1937-06-14 13:23:33'),(7,54,81,'Maiores quasi praesentium nostrum iste error animi repellat laboriosam. Sit aut qui repudiandae vel ex et. Debitis incidunt tenetur quasi veritatis earum atque numquam ut.',0,1,'1971-08-23 18:12:06'),(8,29,27,'Eos ut dolorum voluptate neque non maxime. Sint ut quo nesciunt doloremque sed in alias. Sed sapiente totam accusantium sunt ut earum voluptatum. Qui consequatur necessitatibus laudantium dolor accusamus sed.',1,1,'1983-09-25 08:08:59'),(9,61,66,'Neque nulla voluptatem quia esse rerum laudantium atque. Est sit reiciendis consequatur ipsum quaerat sequi corporis. Dolorem aspernatur dolor odio illo.',1,0,'1992-12-17 21:12:30'),(10,47,49,'Voluptatem dignissimos et voluptas necessitatibus cupiditate. Dignissimos est ut quod voluptas quia quisquam. Aut doloremque exercitationem perferendis dicta ea. Ut itaque et illum eos voluptatem nulla quis porro.',0,0,'1993-03-07 19:16:47'),(11,70,15,'Assumenda dolor ducimus iusto veniam voluptates eveniet quas. Dignissimos optio nostrum est aliquam. Porro est accusamus ipsum omnis reprehenderit non nemo. Perferendis aut cum a.',0,1,'1966-01-03 23:15:11'),(12,3,80,'Earum occaecati eos alias repellat. Facilis et velit tempora ab voluptatibus. Nisi perspiciatis voluptatem et saepe voluptatem et.',1,1,'1959-05-03 02:50:36'),(13,25,76,'Aut quis deserunt ullam ab et aut. Sit voluptatem nobis fugit ut corrupti id. Non praesentium assumenda et. Sunt nulla quasi rerum harum.',0,1,'2019-03-09 11:09:46'),(14,51,63,'Eum porro totam libero impedit consequatur. Optio consectetur est praesentium ex aliquam necessitatibus. Dolorum asperiores eius voluptate perspiciatis quam. Et et nulla et voluptatem voluptatibus.',0,0,'1962-12-23 17:33:03'),(15,37,99,'Ut quidem dolorum fuga laudantium ex omnis. Animi iste omnis sed sapiente blanditiis laboriosam. Voluptatem quos et aliquid aspernatur.',0,0,'1932-04-24 19:00:18'),(16,43,68,'Id qui culpa delectus earum commodi. Hic incidunt quaerat saepe occaecati laborum. Alias sit architecto et ipsa quia atque natus. Sint autem dolorem ea minus officiis sunt ducimus.',0,0,'2001-10-25 22:03:22'),(17,81,50,'Sit eum assumenda ut tenetur. Omnis ut aliquid ut doloremque aut aut aperiam. A repudiandae asperiores quae. Accusamus officiis et fuga deserunt enim voluptatibus.',0,0,'1996-02-23 14:27:40'),(18,8,85,'Voluptatem doloribus enim eum qui. Cumque temporibus officia voluptatem consequatur hic corrupti. Unde ut perspiciatis commodi praesentium consequuntur architecto eum. Dicta ullam similique perferendis dolore aut.',1,0,'1954-12-21 01:35:22'),(19,92,51,'Debitis pariatur sapiente hic omnis. Harum facere et atque sit sunt. Suscipit consequuntur fuga accusantium sunt quidem quos aut.',1,1,'1936-06-06 15:05:11'),(20,52,86,'Provident culpa qui qui. Aut perspiciatis doloribus aut eveniet voluptatibus. In unde voluptatum iure distinctio. Est dolores natus rerum dolorum quas.',1,1,'1951-10-09 20:00:23'),(21,64,19,'In dicta et voluptatum recusandae qui eius ea. Facilis iste eos iusto vitae voluptatem. Minima est dolorem aut.',0,0,'2010-09-26 04:35:08'),(22,97,90,'Inventore sit delectus iure qui aut reiciendis nemo. Aliquam assumenda voluptatum et autem.',1,1,'1990-10-16 10:30:58'),(23,75,5,'Fugiat qui quo omnis voluptas fuga distinctio. Sed incidunt aut tenetur earum deleniti dolores. Ea placeat repudiandae qui aperiam qui saepe eos.',1,1,'2004-07-21 16:24:52'),(24,12,63,'Earum quis ut quidem assumenda maiores. Saepe qui odit sint quod sed magnam tempore. Est omnis perferendis at aliquam.',0,1,'2019-04-19 19:40:04'),(25,36,18,'Rem quae aut facilis sit. Consequatur facere dolore enim distinctio. Nesciunt et ducimus dolores.',0,0,'1938-12-20 12:56:53'),(26,78,71,'Exercitationem voluptatem odio sed distinctio veniam facilis natus. Voluptatem cum perspiciatis odit voluptates perferendis unde. Qui quasi eveniet consequatur vel omnis. Natus ex quis ut nam soluta.',1,0,'1922-01-10 09:48:47'),(27,31,70,'Sit natus repudiandae sint quia. Officiis nulla esse quo cumque repellendus quibusdam. Et sit nisi eos non. Similique adipisci aut ducimus asperiores sed.',1,1,'2003-12-27 03:40:50'),(28,65,31,'Aut maxime harum ad eum rerum ea ullam. Quos iure ut ut molestiae est illo a maxime.',0,1,'2000-04-07 01:39:54'),(29,70,56,'Et et quas magnam occaecati. Quos quos iusto id quisquam nemo ut distinctio. Vitae quis eum eius maxime nihil laborum asperiores. Eos laboriosam animi non soluta.',0,1,'1970-01-19 01:21:10'),(30,5,1,'Iusto sed voluptatem iusto non modi dolores suscipit quia. Sequi est quia nihil cumque. Ab voluptas vero tempora molestiae. Non eius quasi odio ut.',0,1,'2003-12-05 18:44:53'),(31,60,42,'Quos quam ipsam nihil neque et repellendus. Illo velit autem enim in consectetur. Dolores aut aspernatur ratione quo ut odio et.',1,1,'2017-08-29 20:04:11'),(32,80,59,'Sapiente consectetur sed esse officia ex. Aut voluptatem laborum est iste. Quo consequuntur nostrum dolor.',0,1,'1969-06-27 15:18:09'),(33,44,99,'Voluptatem esse quae eum ex repellat. Odit eveniet recusandae autem. Dolore quod est optio aut voluptates ea.',1,1,'1960-01-22 17:47:57'),(34,56,82,'Consequatur non sit dolorum. Et dolor recusandae ea non eveniet esse.',1,0,'1976-08-08 12:09:36'),(35,42,55,'Eveniet eum dolores sunt dolorum. Et tempora fugiat eum sunt mollitia velit. Fugit blanditiis quis dolor aut est. Repudiandae dolorum maiores dolores doloribus ut et corporis.',1,0,'1992-11-01 15:00:09'),(36,94,22,'Et optio quaerat quisquam ea rerum quo est. Nihil et modi corporis in officia. Cupiditate in inventore id vel amet quia. Repellat corrupti quaerat est fuga praesentium.',1,1,'1924-09-06 10:00:47'),(37,73,55,'Sunt adipisci labore rem. Omnis saepe quod excepturi optio ex sed perspiciatis.',1,0,'1928-03-13 22:15:04'),(38,37,97,'Doloribus necessitatibus neque saepe occaecati deleniti molestiae. Sed aut tempora quibusdam voluptate.',1,0,'2016-04-10 23:31:31'),(39,34,78,'Iste sunt ut debitis suscipit et voluptatem omnis amet. Soluta id illo laborum aut possimus adipisci. Incidunt quidem doloribus nihil et qui. Omnis molestiae praesentium necessitatibus.',0,1,'2012-07-25 11:01:40'),(40,29,67,'Quam sed nihil ut corporis sit et ducimus. Labore quo nostrum non minima nulla occaecati. Non assumenda deserunt voluptas consequatur qui laboriosam omnis.',1,1,'1934-01-26 09:08:56'),(41,61,66,'Veritatis accusantium rerum aspernatur perferendis sapiente nemo vitae. Consequatur qui rerum neque cumque sed nisi. Corporis consequuntur quia voluptas aspernatur rerum necessitatibus. Impedit voluptas eos enim consectetur aut veritatis vero sint.',0,0,'2009-03-11 15:35:44'),(42,89,50,'Recusandae aut et inventore adipisci aliquid facilis ex. Consequuntur delectus laudantium eligendi. Debitis impedit voluptatem eos aspernatur velit nesciunt voluptas. Accusamus neque voluptate quis at quam suscipit asperiores.',1,0,'1929-01-11 08:21:16'),(43,57,66,'Voluptas hic a unde et repudiandae mollitia. Dicta earum sit tempora sint hic eaque laudantium saepe. Qui minus vero suscipit numquam ipsam ratione.',1,1,'1954-04-17 22:44:27'),(44,55,41,'Velit aliquid omnis quaerat quia consectetur iusto molestiae. Ea repellendus qui quia ut. Distinctio veniam dolor et quibusdam ut rem voluptate.',0,0,'1986-02-01 20:35:09'),(45,70,44,'Sint quia minus doloremque voluptate labore quidem. Tenetur quia labore molestiae sed numquam ullam eum omnis. Atque aut omnis distinctio. Deleniti blanditiis dolorum voluptatem hic eaque saepe.',1,0,'1964-03-21 11:49:55'),(46,6,76,'Neque ea nemo fuga. Occaecati repellat libero est sit autem error. Repellendus perspiciatis eligendi ut inventore cupiditate blanditiis minus. Perferendis rem ut beatae.',0,0,'1956-04-14 19:52:08'),(47,15,44,'Ut officiis temporibus provident tenetur. Et eum ut distinctio aut eos ut. Cum aperiam laborum commodi. Alias excepturi voluptates est.',0,0,'1979-04-15 17:40:48'),(48,21,67,'Error ut iure ducimus occaecati quos vel id praesentium. Eum quae voluptas enim temporibus nostrum. Reprehenderit fugiat delectus totam ut. Eligendi ea ducimus cum.',0,1,'1958-10-20 12:47:09'),(49,94,9,'Vero quia dolor quidem consequatur ut repudiandae et. Nesciunt qui omnis aut aliquam accusantium. Nostrum officiis suscipit atque voluptatibus eos et consectetur. Similique natus nihil molestiae. Qui nobis numquam ab quibusdam.',1,0,'1947-04-03 10:54:39'),(50,42,82,'Sit quisquam autem voluptate blanditiis qui. Repellat rerum possimus sunt repellendus. Beatae distinctio labore inventore voluptas voluptatem a.',1,0,'2004-10-26 02:27:15'),(51,2,99,'Architecto tempore fugiat repudiandae. Minima quo nesciunt sequi enim. Eos repellendus accusamus et dolorem id.',0,0,'1962-05-23 15:01:36'),(52,88,95,'Quia architecto reprehenderit aut aut praesentium et sunt. Non ad accusamus veritatis consequuntur quasi non earum impedit. Sit voluptatum animi similique dolore consequatur magni earum qui. Consequuntur delectus laboriosam laborum corrupti mollitia minima eos. Aut eum aut vel impedit architecto magni explicabo.',1,0,'1926-03-14 12:35:04'),(53,66,89,'Saepe soluta ipsam consequuntur est ut et. Quam incidunt asperiores ducimus ipsa rerum.',1,0,'1933-02-18 12:49:07'),(54,18,75,'Eaque laboriosam eos illo ut. Voluptates ipsum nobis aspernatur voluptatem provident. Et quis hic dolores sit maiores unde.',0,1,'1966-04-04 23:48:04'),(55,86,54,'Suscipit voluptate eligendi quia unde veritatis rerum. Cum ipsam labore ipsam rerum et amet voluptatem ipsum.',0,1,'1982-09-25 07:43:06'),(56,95,3,'Dolor et itaque sapiente aut perferendis molestiae. Eveniet voluptate sint consequatur architecto. Blanditiis totam sit iste dolor nam architecto pariatur.',0,1,'1958-10-31 03:45:47'),(57,62,63,'Et earum placeat cumque provident neque magnam consequatur. Rerum aut placeat ea qui accusantium. Rerum voluptate quos nulla vitae omnis. Voluptatibus corporis hic reprehenderit dolor aut quo.',0,0,'1984-06-18 20:34:03'),(58,10,51,'Voluptatum ut ratione odio et excepturi voluptas alias. At repellat et aut deleniti cumque enim voluptas est. Aut voluptatem enim fugiat tenetur cumque voluptatem. Harum odio odit nesciunt numquam est. Eveniet corrupti reprehenderit id et iste itaque.',1,0,'1929-02-04 19:56:38'),(59,52,86,'Non nihil numquam necessitatibus consequuntur consequuntur similique similique amet. Qui ut quibusdam molestiae non non modi non. Aspernatur quia deserunt placeat vel officia placeat. Qui fuga consequuntur consequuntur ut illum.',0,1,'1943-07-22 14:29:27'),(60,13,36,'Odit nulla sunt voluptatem. Eum est aut quia ea debitis corrupti veniam quia. Voluptates a et doloribus et aut. Est quia ut fugit nam.',1,0,'1955-12-09 13:19:05'),(61,82,15,'Voluptatem ea maiores sequi quae voluptatum. Debitis in qui quisquam dolorem possimus voluptatem. Soluta quae aspernatur sint nostrum. Quisquam tempore voluptate similique.',0,0,'2011-03-14 17:32:19'),(62,12,35,'Similique quam perferendis consequuntur voluptate. Magnam non modi ipsum excepturi. Dolorem autem facilis tenetur minus. Sint exercitationem labore molestias voluptatem qui aliquam quidem.',0,0,'1952-02-11 15:36:10'),(63,71,2,'Facere quia quisquam molestias voluptatem ut. Autem et ea quas voluptatem ex sit qui. Quasi ut est recusandae odit quam et.',0,1,'2008-04-22 02:42:57'),(64,54,15,'Voluptas consequatur quasi neque cupiditate. Ipsam iste libero nam quidem. Expedita voluptatem tempore veniam cumque et in necessitatibus aut. Reiciendis rerum rerum sit ut et.',1,1,'1923-10-28 17:14:33'),(65,31,59,'Officiis deserunt fugiat aut reiciendis molestiae architecto. Magni voluptate quas repellat voluptatum et. Voluptatum aliquid iure ad molestiae voluptate eaque magnam. Sint quis aspernatur molestias impedit porro.',1,0,'2003-11-28 05:45:08'),(66,22,15,'Aut temporibus consequuntur culpa voluptatem eligendi aut. Ut iure rerum blanditiis. Velit modi magnam provident vitae et.',1,0,'1930-10-12 18:43:35'),(67,57,31,'Commodi corrupti veniam itaque sit architecto quam harum. Quam voluptas dolorem rerum dolor dolorem dignissimos. Modi maiores laborum error est et aut repellat. Porro doloribus natus laborum reprehenderit omnis veritatis.',0,1,'1932-07-17 18:15:19'),(68,32,66,'Voluptate commodi exercitationem quidem error. Qui qui et aut aliquid. Ex aut ipsa porro aspernatur natus. Doloremque totam itaque voluptatem aut nulla ipsum.',0,0,'1940-04-25 05:15:12'),(69,86,24,'Reprehenderit recusandae pariatur dolores ut ea. Iure molestiae qui ut deleniti. Soluta dolorum a earum dolor voluptas.',0,1,'2002-09-11 07:28:59'),(70,40,40,'Et neque quia temporibus labore. Beatae eum aliquid dolorum in. Et corrupti laboriosam ex nihil quibusdam. Autem et sapiente tempora totam voluptatem et.',1,0,'1986-08-06 21:52:10'),(71,63,45,'Facilis debitis explicabo sit officiis ducimus velit consectetur. Necessitatibus sed commodi dignissimos excepturi hic iusto sed. Quae voluptatem voluptatem dicta non repellendus.',1,1,'1992-03-04 14:32:20'),(72,6,6,'Temporibus sapiente animi quasi ex. Ut inventore perferendis pariatur culpa quis tenetur. Voluptatem ullam occaecati nostrum harum saepe ipsam quasi. Provident doloribus possimus consequatur quo quia.',1,1,'1948-05-08 23:57:10'),(73,11,93,'Eveniet id doloremque soluta est. Optio est qui sapiente nemo. Nostrum dolorem amet dolore eum ipsa esse velit consequatur. Nostrum maxime deleniti ut modi.',0,0,'2011-01-26 08:09:55'),(74,19,32,'Error pariatur id quas voluptatibus nihil reprehenderit laudantium. Est fugiat iusto qui et magni eos similique. Aut veniam cum veniam nobis sapiente ea. Est animi ducimus dolores culpa.',1,1,'2012-08-25 05:55:09'),(75,27,7,'Eos ut dolor repudiandae doloribus facere maxime qui. Alias maiores rem expedita quasi aperiam excepturi optio. Dignissimos earum quia repellat voluptatem nisi aliquid. Consequatur autem excepturi voluptatem nesciunt a porro sit.',0,0,'1998-05-24 13:04:13'),(76,36,5,'Perferendis debitis qui odit aliquam. Molestiae blanditiis distinctio est voluptatibus maxime molestias qui nobis. Iure blanditiis minima nihil ab nulla consequatur.',0,0,'1977-09-23 19:28:09'),(77,80,37,'Cupiditate earum ut nisi perspiciatis voluptatem autem ut ut. Odit voluptatem impedit animi natus harum et. Ullam dolorem excepturi dolores sunt.',0,1,'1950-04-08 01:43:06'),(78,47,87,'Ullam qui aut culpa corporis perferendis atque cumque est. Voluptate ipsum dolorem sed atque doloribus eligendi.',1,1,'1939-08-20 01:39:56'),(79,56,69,'Tempore qui omnis ullam dolorem animi cumque. Omnis blanditiis voluptate quia dolorem voluptatem quia. Praesentium iusto qui ullam occaecati saepe iusto voluptatem.',1,1,'2003-09-21 22:06:57'),(80,45,70,'Itaque dolores non explicabo tempora inventore velit distinctio numquam. Sit quaerat ut quod nesciunt laborum id. Ipsa consequuntur debitis qui eligendi praesentium est. Qui sit facilis ipsam nostrum aliquam eos sit. Consequatur ipsam voluptatem aspernatur doloribus et accusamus molestiae.',1,1,'1941-12-07 13:42:27'),(81,88,10,'Molestias nulla voluptas sunt consequatur quidem blanditiis minima. Qui minus perspiciatis non.',1,1,'1984-09-03 08:25:47'),(82,90,63,'Impedit consequatur culpa et modi. Et at aperiam suscipit veniam voluptatibus molestiae omnis. Voluptatem autem mollitia qui enim.',1,1,'1944-12-26 21:30:46'),(83,17,14,'Dignissimos pariatur fuga et. Voluptatibus et ab molestias maiores. Saepe quibusdam rerum vel eum et.',1,0,'1987-05-03 00:07:58'),(84,93,35,'Nostrum doloremque beatae eos eligendi rerum maiores magnam. Omnis voluptate sint quis atque harum. Dolorem eveniet et itaque qui dolores nihil. Et earum excepturi et sed sint ullam.',1,0,'1937-02-13 10:01:16'),(85,84,73,'Quod qui nemo facilis. Sit numquam iure sit nam consequuntur sint. Architecto qui autem rem voluptate.',0,0,'1989-08-27 22:55:46'),(86,65,68,'Minima atque fugit ea ipsum non eveniet. Distinctio soluta quae consequatur vero tempore temporibus. Repudiandae omnis aut ipsam. Quidem non et ad optio saepe.',1,1,'1944-08-21 22:15:17'),(87,69,41,'Quis libero illum cum magni. Debitis ut numquam excepturi amet exercitationem. Molestiae occaecati eum dolores nihil iure dolores est. Reiciendis quia voluptatum voluptatem.',0,0,'1932-04-10 09:54:44'),(88,18,13,'Distinctio voluptates quae eos laborum pariatur. Eius eos vel at possimus eveniet. Sed rem sed ipsum.',0,1,'2017-11-27 19:56:25'),(89,91,37,'Deserunt omnis qui sed nemo. Omnis est suscipit consequatur iure qui rerum. Excepturi voluptate voluptas iusto.',0,1,'1956-07-17 21:17:38'),(90,77,7,'Quos ut aut ex debitis id. Id velit et eos eveniet eligendi et alias. Eos fuga laborum qui. Tempora et debitis eius dolor ratione consequuntur.',1,1,'1980-04-21 03:31:00'),(91,81,27,'Aut est repudiandae voluptatem et expedita eaque distinctio. Fugit earum vel perferendis eveniet quia. Dicta nobis fugit eligendi ex. At temporibus nulla alias et quis soluta. Quidem aperiam aut aut est blanditiis sed.',1,0,'1999-02-27 20:30:52'),(92,63,14,'Laboriosam natus voluptatem laborum magni voluptas qui. Tempora exercitationem reiciendis corrupti sequi et natus.',0,1,'1945-08-28 06:54:25'),(93,8,13,'Suscipit amet qui perspiciatis quis dolorum. Dolorem sed cupiditate aut mollitia qui quas. Voluptatem consequatur doloremque nesciunt animi temporibus nemo magni. Sit sunt et recusandae a quia possimus.',1,1,'2002-01-16 16:12:47'),(94,35,100,'Eius voluptatem non dolor placeat quo cupiditate error illo. Consequuntur eligendi sed dolorem provident voluptas.',1,0,'1998-10-29 21:40:17'),(95,72,18,'Labore facere reprehenderit autem odit. Quod fuga consectetur quo officiis fugiat saepe libero.',1,1,'1927-03-09 17:38:13'),(96,85,40,'Error repellendus ipsam laboriosam id fugit odio repudiandae. Nulla exercitationem nostrum voluptas nesciunt fugiat. Ratione iusto dolor eius voluptatum aut rem accusantium ipsam. Quia mollitia laborum non rerum.',0,1,'1966-06-17 02:46:39'),(97,58,45,'Perferendis numquam dolores distinctio quam. Est possimus nesciunt et quia ea. Aspernatur labore dolorem fugit voluptatem nobis reprehenderit culpa.',0,1,'1996-11-14 03:41:11'),(98,47,21,'Ab voluptas facilis asperiores in et praesentium tempora excepturi. Fugit in accusantium eos corrupti et possimus sapiente. Fuga et nesciunt est eos occaecati quod.',1,0,'1989-04-18 20:25:32'),(99,32,13,'Iure voluptatem eius harum et natus rerum sequi. Rem saepe eos iure ullam dolor et vel velit.',1,1,'1973-12-08 22:03:19'),(100,97,36,'Ea et reprehenderit voluptatum sit eum odio. Consequatur voluptatem aut sed. Ad sed vel voluptas velit. Unde est id commodi sit.',0,1,'2000-06-26 20:59:29');
/*!40000 ALTER TABLE `messages` ENABLE KEYS */;
UNLOCK TABLES;

--
-- Table structure for table `profiles`
--

DROP TABLE IF EXISTS `profiles`;
/*!40101 SET @saved_cs_client     = @@character_set_client */;
/*!50503 SET character_set_client = utf8mb4 */;
CREATE TABLE `profiles` (
  `user_id` int unsigned NOT NULL COMMENT '╨б╤Б╤Л╨╗╨║╨░ ╨╜╨░ ╨┐╨╛╨╗╤М╨╖╨╛╨▓╨░╤В╨╡╨╗╤П',
  `gender` char(1) CHARACTER SET utf8mb4 COLLATE utf8mb4_unicode_ci NOT NULL COMMENT '╨Я╨╛╨╗',
  `birthday` date DEFAULT NULL COMMENT '╨Ф╨░╤В╨░ ╤А╨╛╨╢╨┤╨╡╨╜╨╕╤П',
  `city` varchar(130) CHARACTER SET utf8mb4 COLLATE utf8mb4_unicode_ci DEFAULT NULL COMMENT '╨У╨╛╤А╨╛╨┤ ╨┐╤А╨╛╨╢╨╕╨▓╨░╨╜╨╕╤П',
  `country` varchar(130) CHARACTER SET utf8mb4 COLLATE utf8mb4_unicode_ci DEFAULT NULL COMMENT '╨б╤В╤А╨░╨╜╨░ ╨┐╤А╨╛╨╢╨╕╨▓╨░╨╜╨╕╤П',
  `last_login` datetime DEFAULT NULL COMMENT '╨Я╨╛╤Б╨╗╨╡╨┤╨╜╨╕╨╣ ╨▓╤Е╨╛╨┤ ╨▓ ╤Б╨╕╤Б╤В╨╡╨╝╤Г',
  `created_at` datetime DEFAULT CURRENT_TIMESTAMP COMMENT '╨Т╤А╨╡╨╝╤П ╤Б╨╛╨╖╨┤╨░╨╜╨╕╤П ╤Б╤В╤А╨╛╨║╨╕',
  `updated_at` datetime DEFAULT CURRENT_TIMESTAMP ON UPDATE CURRENT_TIMESTAMP COMMENT '╨Т╤А╨╡╨╝╤П ╨╛╨▒╨╜╨╛╨▓╨╗╨╡╨╜╨╕╤П ╤Б╤В╤А╨╛╨║╨╕',
  PRIMARY KEY (`user_id`)
) ENGINE=InnoDB DEFAULT CHARSET=utf8mb4 COLLATE=utf8mb4_unicode_ci COMMENT='╨Я╤А╨╛╤Д╨╕╨╗╨╕';
/*!40101 SET character_set_client = @saved_cs_client */;

--
-- Dumping data for table `profiles`
--

LOCK TABLES `profiles` WRITE;
/*!40000 ALTER TABLE `profiles` DISABLE KEYS */;
INSERT INTO `profiles` VALUES (1,'m','1970-10-15','Kertzmannside','Antarctica (the territory South of 60 deg S)','1954-05-24 00:32:34','1961-04-18 04:58:31','2018-01-29 03:14:08'),(2,'m','2012-02-17','South Ena','Czech Republic','1930-05-31 22:18:50','1968-08-05 18:14:55','2014-03-11 16:46:18'),(3,'m','1972-06-07','Port Vidalbury','Saint Martin','1962-07-14 17:39:23','1933-02-08 09:21:19','2020-06-20 01:46:10'),(4,'m','2000-12-29','West Monroemouth','Portugal','1975-12-10 00:12:30','1933-03-16 05:41:08','2013-06-14 17:40:39'),(5,'w','1977-03-30','Runteberg','Brazil','1989-10-13 01:03:35','1929-12-16 18:50:48','2011-06-12 21:23:52'),(6,'w','1990-03-04','Janeside','China','1948-09-25 18:59:04','1970-04-02 22:35:35','2019-10-26 15:18:30'),(7,'m','2017-09-12','Ullrichland','Eritrea','1975-12-24 17:14:16','2020-05-17 20:37:09','2021-02-19 22:24:47'),(8,'w','1975-02-01','East Vita','Palau','2004-08-15 23:15:17','1944-02-28 18:00:53','2015-03-09 14:34:18'),(9,'m','1978-07-06','Marionborough','Netherlands Antilles','1967-08-17 00:41:53','1995-11-19 02:30:59','2016-12-01 19:22:52'),(10,'m','2007-11-08','Isadoreborough','Maldives','2013-03-22 21:59:31','1993-04-15 03:01:29','2014-05-03 20:09:52'),(11,'m','2014-09-05','Vonfort','Belarus','1926-07-12 11:05:15','2001-10-08 07:33:43','2020-03-30 20:02:55'),(12,'w','1972-08-05','West Nikita','Cook Islands','1937-02-02 20:52:05','2017-01-19 12:23:56','2019-01-12 23:32:21'),(13,'w','2018-08-29','Abshiretown','United Arab Emirates','2019-04-27 10:48:05','1986-01-11 06:55:22','2019-01-09 16:46:12'),(14,'m','1993-07-29','Klingside','Uruguay','2011-02-06 01:44:55','1984-03-27 19:07:14','2011-12-24 07:04:11'),(15,'w','1985-04-02','North Judah','Slovakia (Slovak Republic)','1956-02-12 00:53:43','1972-07-14 13:00:35','2017-02-06 10:50:24'),(16,'w','1978-03-13','Schummmouth','Senegal','1954-10-02 22:43:30','1959-10-25 09:14:11','2011-07-04 23:40:21'),(17,'w','2013-05-01','Port Krystinaside','Bahrain','1933-11-23 21:01:08','1987-12-27 19:31:42','2014-08-08 00:04:37'),(18,'m','1983-04-19','North Skylaville','Burkina Faso','2013-11-19 18:26:45','1952-03-12 18:28:19','2012-02-19 06:24:52'),(19,'w','1988-07-11','Makaylaborough','Austria','1989-12-28 17:28:52','1941-05-12 03:47:56','2011-05-23 23:21:20'),(20,'w','1992-08-10','Gordonburgh','Angola','1958-10-09 07:08:19','1953-11-10 22:24:37','2011-05-20 07:56:29'),(21,'m','1975-01-28','Dakotamouth','Saint Martin','1949-12-28 05:26:14','1945-11-18 09:44:03','2020-12-23 23:28:09'),(22,'m','2018-03-18','Wilkinsonmouth','Greece','1973-12-11 22:15:37','1945-02-24 20:12:50','2014-02-04 07:52:05'),(23,'w','2018-04-23','North Amani','Indonesia','1980-03-13 06:00:11','1941-02-22 18:04:33','2018-08-31 14:51:42'),(24,'w','1985-05-28','North Kaya','Canada','1981-06-26 10:19:39','1946-02-03 15:38:49','2020-11-11 05:48:43'),(25,'m','1987-02-10','East Robin','United States of America','2014-05-23 14:04:00','2007-02-26 04:28:31','2016-02-07 15:15:50'),(26,'w','1982-04-28','East Berta','Lebanon','1954-02-10 01:29:33','1935-09-19 20:30:19','2018-05-06 03:54:48'),(27,'m','2009-11-26','New Deondre','Pakistan','1996-10-31 10:58:56','1951-06-12 06:44:12','2015-08-15 11:18:17'),(28,'w','2017-11-23','Rossieberg','China','1975-11-01 12:27:09','1945-09-03 04:04:30','2012-10-03 10:52:30'),(29,'w','2015-07-29','West Erich','Azerbaijan','1994-01-29 06:19:41','1945-08-02 21:15:47','2013-02-05 16:51:48'),(30,'m','1999-03-18','Medhurstport','Micronesia','1982-03-24 07:16:53','1930-04-12 01:30:58','2013-09-03 09:19:44'),(31,'w','1981-05-05','Zechariahville','Armenia','1927-01-29 19:11:23','1954-08-10 11:52:02','2015-02-17 10:42:22'),(32,'w','1991-11-15','Adrienborough','American Samoa','1954-04-25 17:49:16','1925-02-07 09:08:01','2018-06-24 12:03:27'),(33,'m','2009-10-12','Danielmouth','Armenia','1992-03-03 06:28:14','1949-03-21 00:57:16','2015-05-31 09:11:37'),(34,'w','1991-07-13','Larsonbury','Guadeloupe','1995-07-12 05:58:11','1974-10-15 01:56:01','2015-06-14 00:15:46'),(35,'w','1991-06-13','Kochmouth','Pitcairn Islands','1977-08-08 17:09:30','1996-11-12 05:36:09','2016-10-22 00:59:16'),(36,'m','1992-08-05','Bauchview','Cambodia','1991-05-08 23:21:03','1968-08-27 18:02:57','2013-01-31 11:57:02'),(37,'w','1970-05-17','West Dudley','Armenia','1927-02-07 00:09:09','1937-11-27 02:36:03','2016-05-27 15:32:32'),(38,'m','1987-08-14','Lake Johanton','Ecuador','1961-10-31 21:34:52','1962-02-25 21:25:01','2013-07-06 01:45:19'),(39,'w','1993-10-09','Lake Ida','Belgium','1939-07-09 01:52:32','1966-06-05 13:50:29','2013-01-05 01:06:57'),(40,'m','2001-05-26','Wymanstad','Iran','1961-06-17 15:54:00','1971-06-26 00:15:49','2017-05-18 01:33:56'),(41,'m','2020-01-21','East Fausto','Bouvet Island (Bouvetoya)','1948-06-17 03:34:00','1948-06-11 19:11:24','2015-07-25 15:39:54'),(42,'m','2010-10-12','Darianaville','Korea','2009-01-28 18:39:38','1952-12-30 11:50:42','2012-11-27 17:56:17'),(43,'w','1998-04-27','Predovicberg','Thailand','2017-02-03 20:02:12','1961-07-02 07:55:45','2015-04-06 19:32:24'),(44,'m','1988-06-28','South Maverick','Syrian Arab Republic','1972-01-10 08:38:17','1955-12-13 19:59:41','2019-06-24 05:55:56'),(45,'m','1986-09-15','Medhurststad','Bhutan','1934-06-11 03:19:44','1999-10-16 21:40:35','2018-05-14 08:45:16'),(46,'m','1971-09-14','Thielmouth','Botswana','1946-12-11 08:45:13','1950-04-03 08:25:51','2011-06-11 01:40:18'),(47,'w','1995-04-08','Rolfsonside','Morocco','1931-03-06 05:59:20','1922-07-22 09:31:48','2013-03-23 12:30:13'),(48,'w','2017-02-13','West Cindy','Mongolia','1955-07-10 20:34:47','1992-05-12 23:33:01','2018-06-24 01:41:48'),(49,'m','2003-04-11','Leschtown','Lithuania','1991-05-30 22:18:42','1957-07-18 06:22:58','2017-02-21 04:14:20'),(50,'w','2002-11-04','Vallieview','Vietnam','1951-02-09 19:26:00','1960-01-18 04:22:24','2018-03-11 06:39:53'),(51,'m','1997-03-06','Elodymouth','Zimbabwe','1954-12-21 22:09:35','1983-04-12 13:31:55','2016-12-02 21:23:25'),(52,'w','1992-04-17','Rickeymouth','San Marino','1923-01-10 02:26:05','1954-08-19 03:34:02','2013-05-06 01:45:59'),(53,'m','2009-02-13','New Annabellfurt','Bhutan','2013-06-16 07:59:39','1925-01-25 05:54:35','2018-12-29 00:22:26'),(54,'m','2018-12-03','Muellerland','Burkina Faso','1988-09-06 08:11:10','2016-11-08 11:26:00','2021-02-19 22:24:47'),(55,'w','1994-05-19','North Irmafurt','Madagascar','1932-10-17 00:25:34','1990-01-16 05:35:35','2013-01-29 16:40:15'),(56,'w','1997-09-05','Wolffside','Uzbekistan','1929-04-01 07:22:10','2016-06-16 10:38:43','2021-02-19 22:24:47'),(57,'w','2005-01-18','Paucekland','Czech Republic','1951-05-28 02:24:31','1990-06-18 03:34:26','2019-08-31 03:49:37'),(58,'w','1976-05-01','Emanuelbury','Finland','1940-11-08 06:56:27','1941-09-14 07:11:45','2017-04-29 00:47:00'),(59,'w','1983-06-25','South Miguelberg','Heard Island and McDonald Islands','1975-02-14 19:29:22','2003-06-11 02:19:56','2014-02-17 14:46:49'),(60,'w','2001-05-16','North Beverlyview','Albania','1929-06-21 21:51:56','1962-02-02 21:28:43','2013-06-04 17:06:38'),(61,'w','2011-06-07','Jeromyhaven','Christmas Island','1994-11-13 12:07:20','1974-01-19 04:51:02','2017-12-13 02:47:31'),(62,'w','2016-05-11','Spencerland','Taiwan','1929-03-05 05:14:42','1940-12-08 17:48:37','2019-10-30 05:18:06'),(63,'w','1977-06-26','Port Kylee','Kazakhstan','2007-01-18 06:40:07','2007-11-22 23:50:16','2018-04-02 07:18:18'),(64,'w','2017-05-23','West Rhett','Macao','1985-09-25 11:44:00','1930-06-11 08:12:13','2011-06-16 10:55:50'),(65,'w','1984-04-18','North Virgilbury','Papua New Guinea','1933-09-06 01:35:49','1980-07-29 09:26:39','2012-07-09 10:13:08'),(66,'m','1977-01-13','Bufordview','Barbados','1933-04-23 19:33:04','2016-03-12 17:03:01','2021-02-19 22:24:47'),(67,'m','2003-02-18','Berylchester','Algeria','2004-08-30 11:02:32','2011-02-01 18:51:25','2020-07-16 03:34:01'),(68,'w','1987-08-16','Smithville','Saint Helena','1972-05-15 02:34:33','1961-09-25 23:34:31','2017-07-01 04:24:16'),(69,'m','1979-05-04','Port Scottie','Solomon Islands','1942-03-25 09:54:22','1934-04-23 02:23:23','2019-05-08 02:24:33'),(70,'m','1970-11-11','East Garry','Mozambique','1971-12-24 18:37:54','1936-02-22 00:05:39','2018-11-21 06:14:58'),(71,'m','2013-09-09','Lake Lonieland','British Virgin Islands','1963-03-24 19:19:04','1977-05-09 10:14:58','2015-04-16 01:55:17'),(72,'w','2001-06-20','Kubville','Paraguay','1998-04-02 09:28:45','1950-04-22 14:04:31','2012-10-06 11:52:33'),(73,'w','2005-12-31','Carrollhaven','Macedonia','1944-12-16 12:13:27','2005-11-13 02:46:22','2020-10-18 13:02:04'),(74,'w','1971-02-04','North Clevelandshire','Tajikistan','1921-12-08 04:20:37','1930-08-26 13:04:11','2013-05-31 07:33:17'),(75,'w','2011-07-13','Lake Kory','Botswana','1991-10-11 12:50:10','1951-01-03 21:02:05','2018-12-23 16:59:50'),(76,'m','1983-01-25','West Jaren','United States of America','1965-10-18 17:41:04','1975-01-02 22:00:00','2015-02-06 15:23:03'),(77,'w','1994-04-07','Hilbertshire','Burkina Faso','1931-08-14 07:58:24','1923-11-18 09:11:33','2014-03-14 22:34:27'),(78,'w','1994-12-02','Daijaborough','Venezuela','2007-03-10 18:42:37','2008-07-18 12:23:13','2016-11-21 01:05:17'),(79,'w','2008-10-21','Hoegerfurt','Maldives','1967-05-18 13:53:22','2015-01-21 11:56:09','2020-08-19 15:12:59'),(80,'m','1983-01-19','South Liliane','Papua New Guinea','1924-09-18 19:51:56','1961-11-16 20:58:38','2018-04-11 09:04:37'),(81,'w','2020-01-27','Lake Collin','Guatemala','1958-07-18 23:09:30','1961-12-16 20:22:16','2015-08-03 05:53:45'),(82,'w','1980-07-28','Okunevabury','Cyprus','2019-12-25 21:08:05','1927-11-07 07:39:39','2020-10-25 03:44:14'),(83,'w','1972-06-20','Lake Emilshire','Tajikistan','1936-06-09 08:10:02','1998-06-02 11:29:42','2016-06-03 20:20:00'),(84,'m','1976-05-07','New Bernita','French Polynesia','1934-10-25 06:02:58','1991-03-02 17:59:52','2014-01-31 08:17:19'),(85,'m','2014-05-26','Shanelview','Montserrat','2009-06-24 02:28:55','1997-11-10 03:02:12','2011-03-29 07:43:25'),(86,'w','1977-03-13','Port Vincemouth','Syrian Arab Republic','1944-07-30 03:27:12','1930-06-16 05:37:43','2020-06-24 20:59:06'),(87,'m','1988-11-04','Haleyside','Papua New Guinea','1979-12-04 08:10:43','1992-09-18 15:59:01','2014-06-24 19:49:03'),(88,'m','1990-02-26','North Codyborough','Palau','1962-02-04 13:21:12','2000-08-22 17:18:05','2019-10-13 10:21:21'),(89,'m','2001-07-30','West Harryville','United States Minor Outlying Islands','1988-03-08 18:54:30','1979-06-14 08:10:18','2013-01-26 11:54:23'),(90,'m','2005-06-02','Lake Ethelynmouth','Antarctica (the territory South of 60 deg S)','1970-01-03 13:27:01','1991-06-21 19:00:25','2016-04-05 07:20:11'),(91,'w','1977-09-10','Kendrickbury','Georgia','1981-10-17 18:26:36','1939-06-03 17:38:16','2015-04-11 23:01:53'),(92,'w','2014-10-19','North Hassieborough','Poland','1993-06-14 07:44:15','2017-11-23 04:23:15','2018-04-04 22:36:38'),(93,'w','1975-12-08','Schmelerhaven','Jamaica','1951-04-01 18:53:43','1984-06-27 03:57:34','2011-05-03 11:35:12'),(94,'m','2017-05-03','Lake Paulfort','Burundi','2006-01-03 07:04:25','1977-10-12 20:23:22','2016-12-31 01:34:40'),(95,'m','2008-07-21','Port Sadyeshire','Syrian Arab Republic','1924-04-30 04:32:52','1992-04-24 15:27:50','2016-09-13 10:48:10'),(96,'w','2011-08-26','East Cleora','Korea','1981-03-03 09:10:08','1928-07-03 19:44:11','2014-11-08 05:55:11'),(97,'w','1977-07-19','Agustinshire','Equatorial Guinea','1976-11-24 01:53:25','2010-06-09 23:46:42','2019-02-10 16:03:58'),(98,'w','1980-02-11','Doyleburgh','Costa Rica','1967-07-10 23:31:54','1958-05-02 12:48:18','2017-10-24 19:09:35'),(99,'w','1984-06-22','Borerburgh','Seychelles','1978-11-23 17:31:59','1933-07-13 06:04:15','2016-01-04 10:59:31'),(100,'m','1982-08-24','Okunevabury','Saint Kitts and Nevis','1927-06-11 11:29:13','1995-02-11 17:44:53','2019-02-10 19:23:21');
/*!40000 ALTER TABLE `profiles` ENABLE KEYS */;
UNLOCK TABLES;

--
-- Table structure for table `users`
--

DROP TABLE IF EXISTS `users`;
/*!40101 SET @saved_cs_client     = @@character_set_client */;
/*!50503 SET character_set_client = utf8mb4 */;
CREATE TABLE `users` (
  `id` int unsigned NOT NULL AUTO_INCREMENT COMMENT '╨Ш╨┤╨╡╨╜╤В╨╕╤Д╨╕╨║╨░╤В╨╛╤А ╤Б╤В╤А╨╛╨║╨╕',
  `username` varchar(30) COLLATE utf8mb4_unicode_ci NOT NULL COMMENT '╨Ш╨╝╤П ╨┐╨╛╨╗╤М╨╖╨╛╨▓╨░╤В╨╡╨╗╤П ╨┤╨╗╤П ╨▓╤Е╨╛╨┤╨░ ╨▓ ╤Б╨╡╤А╨▓╨╕╤Б',
  `first_name` varchar(100) CHARACTER SET utf8mb4 COLLATE utf8mb4_unicode_ci NOT NULL COMMENT '╨Ш╨╝╤П ╨┐╨╛╨╗╤М╨╖╨╛╨▓╨░╤В╨╡╨╗╤П',
  `last_name` varchar(100) CHARACTER SET utf8mb4 COLLATE utf8mb4_unicode_ci NOT NULL COMMENT '╨д╨░╨╝╨╕╨╗╨╕╤П ╨┐╨╛╨╗╤М╨╖╨╛╨▓╨░╤В╨╡╨╗╤П',
  `email` varchar(100) CHARACTER SET utf8mb4 COLLATE utf8mb4_unicode_ci NOT NULL COMMENT '╨Я╨╛╤З╤В╨░',
  `phone` varchar(100) CHARACTER SET utf8mb4 COLLATE utf8mb4_unicode_ci NOT NULL COMMENT '╨в╨╡╨╗╨╡╤Д╨╛╨╜',
  `created_at` datetime NOT NULL,
  `updated_at` datetime NOT NULL,
  PRIMARY KEY (`id`),
  UNIQUE KEY `email` (`email`),
  UNIQUE KEY `phone` (`phone`)
) ENGINE=InnoDB AUTO_INCREMENT=101 DEFAULT CHARSET=utf8mb4 COLLATE=utf8mb4_unicode_ci COMMENT='╨Я╨╛╨╗╤М╨╖╨╛╨▓╨░╤В╨╡╨╗╨╕';
/*!40101 SET character_set_client = @saved_cs_client */;

--
-- Dumping data for table `users`
--

LOCK TABLES `users` WRITE;
/*!40000 ALTER TABLE `users` DISABLE KEYS */;
INSERT INTO `users` VALUES (1,'kovacek','Danielle','Kovacek','veum.clovis@example.net','(055)957-0776x210','1963-08-10 16:20:49','2020-05-26 23:13:26'),(2,'abshire','Joanny','Abshire','wilfred57@example.org','+77(9)8161347647','1955-12-09 05:11:03','2021-01-03 16:27:07'),(3,'larson','Bret','Larson','lockman.wilburn@example.org','112.116.7761','1921-07-26 02:01:39','2021-01-25 11:04:37'),(4,'johns','Reuben','Johns','lindgren.santina@example.net','+89(7)2292049709','1942-04-11 03:28:51','2021-02-14 11:37:59'),(5,'bosco','Kenton','Bosco','chester76@example.net','(032)140-5577','1947-09-18 15:40:50','2020-12-22 19:00:22'),(6,'gutmann','Josianne','Gutmann','joshua65@example.net','(212)442-0693','1956-02-18 19:25:59','2020-09-29 08:41:13'),(7,'schmidt','Angeline','Schmidt','kertzmann.verdie@example.org','(501)940-3820x71443','1982-11-12 13:37:32','2020-03-08 08:39:17'),(8,'paucek','Daryl','Paucek','samanta.keebler@example.com','601-134-8252','1965-04-20 16:14:50','2020-06-12 12:58:54'),(9,'heathcote','Adela','Heathcote','ksteuber@example.net','(303)550-6061x5983','2016-06-13 19:32:41','2020-12-05 21:35:25'),(10,'mills','Shanelle','Mills','alessandro09@example.org','408-499-8946x93806','1943-09-02 08:04:57','2020-10-05 19:06:24'),(11,'prohaska','Jake','Prohaska','oberbrunner.dario@example.org','591-556-1390x40599','2018-01-02 07:46:28','2020-10-26 15:29:40'),(12,'hickle','Davon','Hickle','loy.quitzon@example.org','1-477-110-2518x4543','1954-01-03 13:41:42','2020-11-07 17:00:13'),(13,'quigley','Melyna','Quigley','dbartell@example.org','046.730.0494','2004-03-12 16:56:58','2020-06-10 12:18:55'),(14,'hagenes','Lela','Hagenes','mbraun@example.net','803.339.3986x47992','1946-08-18 12:04:27','2020-05-21 17:09:05'),(15,'wehner','Angie','Wehner','keeling.brady@example.org','1-632-364-5455x711','1962-01-08 07:29:32','2020-09-08 14:04:05'),(16,'macejkovic','Cornell','Macejkovic','stamm.leann@example.net','1-936-713-8151x36588','1940-02-04 12:41:38','2020-06-11 09:17:50'),(17,'torp','Malika','Torp','gottlieb.shakira@example.org','762.555.3774x7516','1956-08-03 21:45:45','2020-11-27 11:48:04'),(18,'keebler','Gerry','Keebler','jerde.daniella@example.org','(438)620-3199x1787','1966-08-10 22:15:22','2020-07-19 14:47:12'),(19,'gaylord','Tavares','Gaylord','champlin.catalina@example.org','(321)613-7776','1925-10-16 13:08:56','2020-02-25 19:52:47'),(20,'hudson','Emilio','Hudson','randall.brekke@example.net','1-885-809-6005x9841','1953-04-03 04:27:48','2020-10-31 03:38:30'),(21,'kulas','Abner','Kulas','weimann.lesley@example.com','(155)749-5875x5220','2004-03-26 12:22:01','2020-08-08 08:10:57'),(22,'wuckert','Norwood','Wuckert','bgreenholt@example.org','451-447-7521x0793','2009-06-23 01:28:55','2020-11-30 07:49:50'),(23,'marquardt','Marcus','Marquardt','corwin.kenya@example.com','(313)994-5265x2760','2011-07-14 11:08:38','2020-03-14 12:27:04'),(24,'walter','Alvina','Walter','carrie.o\'reilly@example.com','1-744-176-1010x21643','1983-07-21 06:24:57','2021-01-23 05:07:04'),(25,'farrell','Orland','Farrell','wilford.simonis@example.net','1-658-865-1456x2112','1954-11-08 02:49:55','2021-01-14 11:51:57'),(26,'leuschke','Shaniya','Leuschke','hollis.corwin@example.org','+67(3)4109415296','1997-04-08 11:11:39','2020-10-21 09:46:28'),(27,'o\'keefe','Raphaelle','O\'Keefe','blick.stewart@example.net','1-823-923-6624x9596','1987-08-13 02:34:41','2020-07-30 12:04:21'),(28,'shanahan','Grady','Shanahan','knikolaus@example.org','795-566-7776x14304','1931-05-13 12:31:10','2020-09-27 07:25:41'),(29,'kling','Kellen','Kling','freda.metz@example.net','837.742.4987','2005-09-16 00:55:42','2020-10-20 02:12:44'),(30,'altenwerth','Solon','Altenwerth','israel32@example.com','(937)721-4772x8913','1928-11-03 03:58:34','2020-05-05 04:56:14'),(31,'fay','Trystan','Fay','abeer@example.org','+66(7)5771902022','1972-06-16 06:18:00','2020-06-04 19:54:15'),(32,'leuschke','Laila','Leuschke','luettgen.nyah@example.org','1-116-475-7859x9259','1955-03-13 16:56:31','2020-04-28 19:05:29'),(33,'rath','Althea','Rath','darion37@example.net','851-005-4365','1984-02-22 06:19:32','2020-02-27 03:07:46'),(34,'christiansen','Angeline','Christiansen','claude.keeling@example.net','+07(4)4841471516','1977-10-07 09:32:32','2020-07-16 08:13:14'),(35,'schinner','Jamarcus','Schinner','loyce22@example.org','428-889-8209x205','1947-06-25 15:15:46','2020-07-27 04:30:44'),(36,'dach','Desiree','Dach','ross42@example.com','(302)424-0572','2011-05-26 11:55:54','2020-07-22 12:32:42'),(37,'schmitt','Catharine','Schmitt','marina.trantow@example.net','07469482229','1942-11-24 17:02:51','2020-06-06 18:36:08'),(38,'hegmann','Curtis','Hegmann','cristal11@example.org','1-189-817-5557','1987-05-14 16:25:05','2020-07-16 13:17:25'),(39,'bergnaum','Catharine','Bergnaum','daniela.beahan@example.net','+61(6)1561511901','1928-08-09 05:18:44','2021-01-02 06:04:39'),(40,'armstrong','Marisol','Armstrong','ihansen@example.net','(785)117-5775x61146','1959-04-19 11:14:29','2020-11-28 21:41:15'),(41,'kreiger','Kyle','Kreiger','alisa.jakubowski@example.net','1-609-303-5078x84181','1944-04-09 01:39:35','2020-12-23 06:08:28'),(42,'rolfson','Maye','Rolfson','april.davis@example.net','+73(9)6095346104','2014-03-23 09:30:44','2020-07-04 03:16:28'),(43,'walsh','Gunner','Walsh','nader.destin@example.com','(116)461-4993x6783','1995-10-27 00:39:59','2020-05-04 19:25:28'),(44,'oberbrunner','Margot','Oberbrunner','soledad59@example.net','266-563-4814','1969-12-30 08:51:03','2020-02-29 02:32:09'),(45,'keeling','Brittany','Keeling','dolly84@example.org','(422)058-3869x2211','1951-05-07 02:46:13','2021-01-29 00:08:28'),(46,'langosh','Bulah','Langosh','yost.sophia@example.net','785.195.7247','1974-04-05 06:58:12','2020-06-14 18:08:24'),(47,'mayer','Chelsea','Mayer','kailee56@example.com','1-542-911-0871x991','1972-03-03 19:26:36','2020-06-05 23:26:30'),(48,'hilll','Kaitlin','Hilll','jameson02@example.org','103.600.1611','1979-11-15 23:37:33','2020-06-04 08:48:46'),(49,'kunze','Deon','Kunze','crona.lela@example.org','00421970491','1952-01-30 00:28:54','2020-08-02 14:00:45'),(50,'mosciski','Grover','Mosciski','haskell09@example.com','326-281-7265','2013-08-30 20:09:33','2020-08-15 10:00:02'),(51,'rogahn','Kendra','Rogahn','terence99@example.org','706.313.8616x3152','2019-06-28 13:11:24','2020-09-22 12:30:01'),(52,'koss','Delphine','Koss','streich.jeanette@example.net','035.686.6464x8344','2001-04-29 20:42:30','2020-11-03 03:42:47'),(53,'cartwright','Pasquale','Cartwright','sigrid21@example.com','155-692-3237','1991-06-05 08:52:30','2021-01-27 11:18:25'),(54,'toy','Josianne','Toy','giovanni.grimes@example.net','048-575-0491x3441','1973-02-04 00:20:48','2021-01-14 21:20:10'),(55,'weissnat','Clementina','Weissnat','franecki.polly@example.net','00820219811','1997-09-09 16:23:13','2021-01-01 09:46:41'),(56,'auer','Harold','Auer','shields.trever@example.org','1-297-743-6093x361','2008-02-07 14:41:36','2020-06-02 07:49:39'),(57,'ritchie','Trey','Ritchie','zackary11@example.com','496.151.9704','1932-03-20 22:17:37','2020-09-18 18:40:52'),(58,'moore','Floy','Moore','erich78@example.net','1-891-869-7073x216','1924-01-20 00:52:36','2020-11-19 22:54:42'),(59,'stiedemann','Sonia','Stiedemann','dankunding@example.com','227.521.8910x751','1930-12-17 03:05:52','2020-08-08 03:43:41'),(60,'russel','Ethelyn','Russel','blick.cecilia@example.net','(648)455-8366','1969-07-27 13:34:36','2020-06-06 22:34:32'),(61,'ritchie','Crystel','Ritchie','cschuppe@example.com','423.939.6411x9623','1960-10-16 22:47:45','2020-03-12 02:07:28'),(62,'skiles','Amely','Skiles','randall65@example.org','+20(2)2082500709','1961-10-25 23:09:15','2020-10-22 15:20:20'),(63,'boyer','Bertha','Boyer','cummerata.judah@example.org','661.217.1426','1944-05-14 23:09:57','2020-03-19 00:40:59'),(64,'kreiger','Hulda','Kreiger','greta71@example.org','754-469-1585','1953-04-10 09:47:26','2020-02-19 00:45:33'),(65,'auer','Maybelle','Auer','qrohan@example.com','659.021.8595x3237','2005-09-05 15:26:35','2020-04-10 13:04:26'),(66,'hilll','Trevion','Hilll','umedhurst@example.org','1-568-612-9580x1864','1982-06-16 12:15:27','2020-10-15 21:41:19'),(67,'mante','Ayla','Mante','sd\'amore@example.net','1-284-544-4390x2914','1996-03-25 02:53:53','2020-08-15 23:23:11'),(68,'stark','Mandy','Stark','lue.nienow@example.net','1-849-709-5280x37944','2014-05-07 22:31:50','2020-03-29 15:26:17'),(69,'schimmel','Toni','Schimmel','phermiston@example.com','(885)528-1970x5694','1980-12-15 01:41:54','2020-06-12 21:25:09'),(70,'flatley','Andrew','Flatley','kian.nicolas@example.net','03915764453','2015-01-12 18:26:32','2020-05-29 01:18:29'),(71,'kautzer','Mariano','Kautzer','ccummerata@example.net','1-461-055-3016x97407','1955-11-21 15:22:01','2020-08-22 14:50:49'),(72,'dickinson','Vernon','Dickinson','rupert.hansen@example.com','488.657.9503x603','1959-05-31 23:06:02','2020-07-15 14:32:39'),(73,'mcdermott','Jude','McDermott','hane.nathanial@example.com','173-637-2117x1915','1998-01-22 02:49:13','2020-08-06 05:20:51'),(74,'shanahan','Dylan','Shanahan','sschaefer@example.com','207.438.1604x4075','2005-12-04 10:26:29','2020-03-19 07:50:01'),(75,'reinger','Orlando','Reinger','greenholt.adele@example.net','884-446-2242x25886','1929-02-20 19:24:43','2020-08-14 23:09:09'),(76,'mcclure','Ivory','McClure','skulas@example.net','+22(5)6363603465','1931-07-26 07:19:18','2020-03-06 22:04:50'),(77,'gleason','Bruce','Gleason','zulauf.nash@example.com','1-156-938-5775x85303','1944-08-22 09:44:50','2020-11-06 10:17:48'),(78,'hilll','Erling','Hilll','pagac.robyn@example.org','(614)886-0370x9818','1937-12-18 05:27:20','2020-03-18 01:13:43'),(79,'botsford','Mya','Botsford','kiley.larkin@example.org','658.479.9509x76441','2018-11-12 10:01:03','2020-10-24 06:23:52'),(80,'pacocha','Kiana','Pacocha','ambrose.howe@example.org','(221)127-3950','1996-06-08 15:42:44','2020-03-31 00:26:52'),(81,'lebsack','Edna','Lebsack','ygreenholt@example.net','1-315-391-8918','1955-12-28 16:29:56','2020-05-16 23:48:16'),(82,'torp','Maida','Torp','thelma.rowe@example.org','1-999-681-9793x572','1941-09-06 02:56:52','2020-11-22 09:23:06'),(83,'toy','Blanche','Toy','sdeckow@example.org','(154)780-3512x25517','2005-03-15 09:33:28','2020-04-15 00:22:43'),(84,'zboncak','Geovany','Zboncak','phyllis30@example.org','140.188.6103x59316','1941-07-05 05:35:13','2020-05-11 18:27:31'),(85,'carroll','Miracle','Carroll','bbaumbach@example.com','046.694.5325x3981','1990-05-07 18:03:57','2020-12-26 00:32:25'),(86,'leannon','Linnie','Leannon','shaun.smitham@example.org','690.018.7652x65806','2006-08-28 19:47:23','2020-03-02 03:48:54'),(87,'mohr','Brayan','Mohr','merle71@example.com','+43(0)1297076108','1964-12-03 05:55:33','2020-04-27 13:35:08'),(88,'collier','Althea','Collier','chelsey.block@example.net','09039866704','1921-05-06 06:56:30','2020-09-09 23:40:05'),(89,'wiegand','Iva','Wiegand','stark.tad@example.com','+95(7)2316129745','1935-09-24 14:36:03','2020-12-06 12:47:48'),(90,'cummings','Armani','Cummings','homenick.sadie@example.com','112-013-4553x2730','2020-10-12 00:28:09','2021-02-19 22:24:47'),(91,'bauch','Aglae','Bauch','dibbert.bartholome@example.org','1-958-317-5008','1962-12-21 23:03:04','2020-08-24 14:38:49'),(92,'boyer','Scottie','Boyer','purdy.scarlett@example.net','099.943.1770x88323','1934-11-17 04:37:56','2020-07-10 11:30:36'),(93,'o\'connell','Zackery','O\'Connell','legros.fidel@example.com','07920118177','2016-09-02 18:05:08','2020-06-03 18:49:36'),(94,'pacocha','Bettye','Pacocha','wilton.kris@example.com','743-024-4818x889','1957-12-08 04:55:04','2020-05-26 01:17:02'),(95,'hoppe','Cydney','Hoppe','graciela.nitzsche@example.org','+50(3)4513779922','2006-07-18 06:50:58','2020-11-01 18:04:56'),(96,'reichert','Tillman','Reichert','romaguera.jonathon@example.org','+12(0)7794397082','2001-05-20 07:15:28','2020-11-21 07:40:05'),(97,'oberbrunner','Wilber','Oberbrunner','kub.ressie@example.net','+34(6)8429826702','1978-06-24 22:21:29','2020-04-09 22:47:28'),(98,'corkery','Kenny','Corkery','halie71@example.com','1-343-818-3852x249','1969-08-06 08:21:12','2020-04-14 15:06:33'),(99,'borer','Leopold','Borer','kirstin27@example.com','(975)830-5904x482','2020-07-08 12:47:06','2021-02-19 22:24:47'),(100,'effertz','Adah','Effertz','jewell.o\'conner@example.org','1-638-052-4156x444','1923-12-06 20:33:44','2020-09-04 10:37:34');
/*!40000 ALTER TABLE `users` ENABLE KEYS */;
UNLOCK TABLES;
/*!40103 SET TIME_ZONE=@OLD_TIME_ZONE */;

/*!40101 SET SQL_MODE=@OLD_SQL_MODE */;
/*!40014 SET FOREIGN_KEY_CHECKS=@OLD_FOREIGN_KEY_CHECKS */;
/*!40014 SET UNIQUE_CHECKS=@OLD_UNIQUE_CHECKS */;
/*!40101 SET CHARACTER_SET_CLIENT=@OLD_CHARACTER_SET_CLIENT */;
/*!40101 SET CHARACTER_SET_RESULTS=@OLD_CHARACTER_SET_RESULTS */;
/*!40101 SET COLLATION_CONNECTION=@OLD_COLLATION_CONNECTION */;
/*!40111 SET SQL_NOTES=@OLD_SQL_NOTES */;

-- Dump completed on 2021-02-19 22:35:24
